match_id,date,year,format,team,opponent,competition,stage,venue,city,result,winner,margin,margin_type,player_of_match,india_players
63963,2001-12-19,2001,Test,India,England,England tour of India,,"M Chinnaswamy Stadium, Bangalore",Bengaluru,Draw,,,,A Flintoff,"SS Das, D Dasgupta, VVS Laxman, SR Tendulkar, R Dravid, SC Ganguly, V Sehwag, A Kumble, Harbhajan Singh, Sarandeep Singh, J Srinath"
66284,2002-06-29,2002,ODI,India,England,NatWest Series,,"Lord's, London",London,Won,India,6.0,wickets,Yuvraj Singh,"SC Ganguly, V Sehwag, D Mongia, SR Tendulkar, R Dravid, Yuvraj Singh, M Kaif, Harbhajan Singh, Z Khan, A Kumble, AB Agarkar"
64814,2002-12-29,2002,ODI,India,New Zealand,India tour of New Zealand,,"McLean Park, Napier",Napier,Lost,New Zealand,35.0,runs,V Sehwag,"SC Ganguly, V Sehwag, VVS Laxman, R Dravid, Yuvraj Singh, M Kaif, SB Bangar, Harbhajan Singh, Z Khan, J Srinath, A Nehra"
64815,2003-01-01,2003,ODI,India,New Zealand,India tour of New Zealand,,"Jade Stadium, Christchurch",Christchurch,Lost,New Zealand,5.0,wickets,DR Tuffey,"V Sehwag, SC Ganguly, VVS Laxman, R Dravid, M Kaif, Yuvraj Singh, SB Bangar, AB Agarkar, Z Khan, Harbhajan Singh, J Srinath"
64816,2003-01-04,2003,ODI,India,New Zealand,India tour of New Zealand,,"Davies Park, Queenstown",Queenstown,Lost,New Zealand,7.0,wickets,AR Adams,"V Sehwag, R Dravid, D Mongia, M Kaif, SC Ganguly, Yuvraj Singh, PA Patel, AB Agarkar, Z Khan, J Srinath, A Nehra"
64817,2003-01-08,2003,ODI,India,New Zealand,India tour of New Zealand,,"Westpac Stadium, Wellington",Wellington,Won,India,2.0,wickets,Z Khan,"SC Ganguly, V Sehwag, D Mongia, SR Tendulkar, R Dravid, Yuvraj Singh, M Kaif, A Kumble, Z Khan, J Srinath, A Nehra"
64819,2003-01-14,2003,ODI,India,New Zealand,India tour of New Zealand,,"Westpac Park, Hamilton",Hamilton,Lost,New Zealand,6.0,wickets,SP Fleming,"SC Ganguly, V Sehwag, SR Tendulkar, D Mongia, R Dravid, Yuvraj Singh, M Kaif, A Kumble, Z Khan, J Srinath, A Nehra"
65241,2003-02-12,2003,ODI,India,Netherlands,ICC World Cup,,"Boland Bank Park, Paarl",Paarl,Won,India,68.0,runs,TBM de Leede,"SC Ganguly, SR Tendulkar, V Sehwag, R Dravid, Yuvraj Singh, M Kaif, D Mongia, Harbhajan Singh, A Kumble, Z Khan, J Srinath"
65244,2003-02-15,2003,ODI,India,Australia,ICC World Cup,,"SuperSport Park, Centurion",Centurion,Lost,Australia,9.0,wickets,JN Gillespie,"SC Ganguly, SR Tendulkar, V Sehwag, R Dravid, Yuvraj Singh, M Kaif, D Mongia, A Kumble, Harbhajan Singh, Z Khan, J Srinath"
65250,2003-02-19,2003,ODI,India,Zimbabwe,ICC World Cup,,Harare Sports Club,Harare,Won,India,83.0,runs,SR Tendulkar,"V Sehwag, SR Tendulkar, D Mongia, SC Ganguly, R Dravid, Yuvraj Singh, M Kaif, Harbhajan Singh, Z Khan, A Nehra, J Srinath"
65257,2003-02-23,2003,ODI,India,Namibia,ICC World Cup,,"City Oval, Pietermaritzburg",Pietermaritzburg,Won,India,181.0,runs,SR Tendulkar,"V Sehwag, SR Tendulkar, SC Ganguly, Yuvraj Singh, R Dravid, D Mongia, M Kaif, Harbhajan Singh, Z Khan, A Nehra, J Srinath"
65262,2003-02-26,2003,ODI,India,England,ICC World Cup,,"Kingsmead, Durban",Durban,Won,India,82.0,runs,A Nehra,"V Sehwag, SR Tendulkar, SC Ganguly, D Mongia, R Dravid, Yuvraj Singh, M Kaif, Harbhajan Singh, Z Khan, J Srinath, A Nehra"
65268,2003-03-01,2003,ODI,India,Pakistan,ICC World Cup,,"SuperSport Park, Centurion",Centurion,Won,India,6.0,wickets,SR Tendulkar,"SR Tendulkar, V Sehwag, SC Ganguly, M Kaif, R Dravid, Yuvraj Singh, D Mongia, A Kumble, Z Khan, J Srinath, A Nehra"
65276,2003-03-07,2003,ODI,India,Kenya,ICC World Cup,Super Sixes,"Newlands, Cape Town",Cape Town,Won,India,6.0,wickets,SC Ganguly,"V Sehwag, SR Tendulkar, SC Ganguly, M Kaif, R Dravid, Yuvraj Singh, D Mongia, Harbhajan Singh, Z Khan, A Nehra, J Srinath"
65278,2003-03-10,2003,ODI,India,Sri Lanka,ICC World Cup,Super Sixes,"New Wanderers Stadium, Johannesburg",Johannesburg,Won,India,183.0,runs,J Srinath,"SR Tendulkar, V Sehwag, SC Ganguly, M Kaif, Yuvraj Singh, R Dravid, D Mongia, Harbhajan Singh, Z Khan, A Nehra, J Srinath"
65281,2003-03-14,2003,ODI,India,New Zealand,ICC World Cup,Super Sixes,"SuperSport Park, Centurion",Centurion,Won,India,7.0,wickets,Z Khan,"V Sehwag, SR Tendulkar, SC Ganguly, M Kaif, R Dravid, Yuvraj Singh, D Mongia, J Srinath, A Nehra, Z Khan, Harbhajan Singh"
65285,2003-03-20,2003,ODI,India,Kenya,ICC World Cup,Semi Final,"Kingsmead, Durban",Durban,Won,India,91.0,runs,SC Ganguly,"V Sehwag, SR Tendulkar, SC Ganguly, M Kaif, Yuvraj Singh, R Dravid, D Mongia, J Srinath, A Nehra, Z Khan, Harbhajan Singh"
65286,2003-03-23,2003,ODI,India,Australia,ICC World Cup,Final,"New Wanderers Stadium, Johannesburg",Johannesburg,Lost,Australia,125.0,runs,RT Ponting,"SR Tendulkar, V Sehwag, SC Ganguly, M Kaif, R Dravid, Yuvraj Singh, D Mongia, Harbhajan Singh, Z Khan, J Srinath, A Nehra"
66356,2003-04-21,2003,ODI,India,South Africa,TVS Cup (Bangladesh),Final,"Bangabandhu National Stadium, Dhaka",Dhaka,No Result,,,,,"V Sehwag, G Gambhir, SC Ganguly, M Kaif, Yuvraj Singh, D Mongia, PA Patel, AB Agarkar, Harbhajan Singh, Z Khan, A Mishra"
64047,2003-10-16,2003,Test,India,New Zealand,New Zealand tour of India,,"Punjab Cricket Association Stadium, Mohali, Chandigarh",Chandigarh,Draw,,,,DR Tuffey,"A Chopra, V Sehwag, R Dravid, SR Tendulkar, VVS Laxman, Yuvraj Singh, PA Patel, A Kumble, Harbhajan Singh, L Balaji, Z Khan"
66364,2003-10-23,2003,ODI,India,New Zealand,TVS Cup (India),,"MA Chidambaram Stadium, Chepauk, Chennai",Chennai,No Result,,,,,"V Sehwag, SR Tendulkar, VVS Laxman, R Dravid, Yuvraj Singh, M Kaif, A Kumble, PA Patel, Harbhajan Singh, AB Agarkar, Z Khan"
66365,2003-10-26,2003,ODI,India,Australia,TVS Cup (India),,"Captain Roop Singh Stadium, Gwalior",Gwalior,Won,India,37.0,runs,SR Tendulkar,"V Sehwag, SR Tendulkar, VVS Laxman, Yuvraj Singh, AB Agarkar, M Kaif, PA Patel, R Dravid, Harbhajan Singh, A Kumble, Z Khan"
66367,2003-11-01,2003,ODI,India,Australia,TVS Cup (India),,"Wankhede Stadium, Mumbai",Mumbai,Lost,Australia,77.0,runs,DR Martyn,"V Sehwag, SR Tendulkar, VVS Laxman, R Dravid, Yuvraj Singh, M Kaif, AB Agarkar, PA Patel, Harbhajan Singh, A Kumble, Z Khan"
66369,2003-11-06,2003,ODI,India,New Zealand,TVS Cup (India),,"Barabati Stadium, Cuttack",Cuttack,Lost,New Zealand,4.0,wickets,SB Styris,"VVS Laxman, SR Tendulkar, M Kaif, R Dravid, Yuvraj Singh, HK Badani, SV Bahutule, AB Agarkar, Harbhajan Singh, Z Khan, M Kartik"
66372,2003-11-15,2003,ODI,India,New Zealand,TVS Cup (India),,"Lal Bahadur Shastri Stadium, Hyderabad, Deccan",Hyderabad,Won,India,145.0,runs,V Sehwag,"V Sehwag, SR Tendulkar, SC Ganguly, Yuvraj Singh, R Dravid, VVS Laxman, M Kaif, AB Agarkar, A Kumble, M Kartik, Z Khan"
64059,2003-12-04,2003,Test,India,Australia,India tour of Australia,,"Brisbane Cricket Ground, Woolloongabba, Brisbane",Brisbane,Draw,,,,SC Ganguly,"A Chopra, V Sehwag, R Dravid, SR Tendulkar, SC Ganguly, VVS Laxman, PA Patel, AB Agarkar, Harbhajan Singh, Z Khan, A Nehra"
64062,2004-01-02,2004,Test,India,Australia,India tour of Australia,,Sydney Cricket Ground,Sydney,Draw,,,,SR Tendulkar,"A Chopra, V Sehwag, R Dravid, SR Tendulkar, VVS Laxman, SC Ganguly, PA Patel, AB Agarkar, IK Pathan, A Kumble, M Kartik"
65643,2004-01-09,2004,ODI,India,Australia,VB Series,,Melbourne Cricket Ground,Melbourne,Lost,Australia,18.0,runs,A Symonds,"V Sehwag, SR Tendulkar, SC Ganguly, VVS Laxman, R Dravid, Yuvraj Singh, SB Bangar, AB Agarkar, IK Pathan, A Kumble, L Balaji"
65645,2004-01-14,2004,ODI,India,Zimbabwe,VB Series,,Bellerive Oval,Hobart,Won,India,7.0,wickets,V Sehwag,"V Sehwag, SR Tendulkar, HK Badani, VVS Laxman, SC Ganguly, Yuvraj Singh, R Dravid, AB Agarkar, IK Pathan, L Balaji, A Kumble"
65647,2004-01-18,2004,ODI,India,Australia,VB Series,,Brisbane Cricket Ground,Brisbane,Won,India,19.0,runs,VVS Laxman,"SC Ganguly, SR Tendulkar, VVS Laxman, R Dravid, Yuvraj Singh, RS Gavaskar, HK Badani, IK Pathan, A Kumble, L Balaji, A Nehra"
65648,2004-01-20,2004,ODI,India,Zimbabwe,VB Series,,Brisbane Cricket Ground,Brisbane,Won,India,24.0,runs,Yuvraj Singh,"PA Patel, SC Ganguly, VVS Laxman, R Dravid, Yuvraj Singh, RS Gavaskar, HK Badani, IK Pathan, A Nehra, A Kumble, L Balaji"
65649,2004-01-22,2004,ODI,India,Australia,VB Series,,Sydney Cricket Ground,Sydney,Lost,Australia,2.0,wickets,Yuvraj Singh,"SC Ganguly, PA Patel, VVS Laxman, R Dravid, Yuvraj Singh, RS Gavaskar, HK Badani, AB Agarkar, M Kartik, IK Pathan, L Balaji"
65653,2004-02-01,2004,ODI,India,Australia,VB Series,,W.A.C.A. Ground,Perth,Lost,Australia,5.0,wickets,AC Gilchrist,"V Sehwag, SR Tendulkar, VVS Laxman, R Dravid, SC Ganguly, Yuvraj Singh, RS Gavaskar, AB Agarkar, IK Pathan, M Kartik, L Balaji"
65655,2004-02-06,2004,ODI,India,Australia,VB Series,Final,Melbourne Cricket Ground,Melbourne,Lost,Australia,7.0,wickets,RT Ponting,"V Sehwag, SR Tendulkar, VVS Laxman, R Dravid, SC Ganguly, Yuvraj Singh, HK Badani, AB Agarkar, IK Pathan, A Kumble, L Balaji"
65656,2004-02-08,2004,ODI,India,Australia,VB Series,Final,Sydney Cricket Ground,Sydney,Lost,Australia,208.0,runs,ML Hayden,"V Sehwag, SR Tendulkar, VVS Laxman, SC Ganguly, R Dravid, Yuvraj Singh, HK Badani, IK Pathan, M Kartik, L Balaji, A Nehra"
64882,2004-03-16,2004,ODI,India,Pakistan,India tour of Pakistan,,Rawalpindi Cricket Stadium,Rawalpindi,Lost,Pakistan,12.0,runs,SR Tendulkar,"V Sehwag, SR Tendulkar, VVS Laxman, SC Ganguly, R Dravid, Yuvraj Singh, M Kaif, RR Powar, Z Khan, L Balaji, A Nehra"
64883,2004-03-19,2004,ODI,India,Pakistan,India tour of Pakistan,,Arbab Niaz Stadium,Peshawar,Lost,Pakistan,4.0,wickets,Yasir Hameed,"V Sehwag, SR Tendulkar, VVS Laxman, R Dravid, SC Ganguly, Yuvraj Singh, M Kaif, RR Powar, IK Pathan, L Balaji, Z Khan"
64884,2004-03-21,2004,ODI,India,Pakistan,India tour of Pakistan,,Gaddafi Stadium,Lahore,Won,India,5.0,wickets,Inzamam-ul-Haq,"V Sehwag, SR Tendulkar, VVS Laxman, SC Ganguly, R Dravid, Yuvraj Singh, M Kaif, M Kartik, IK Pathan, L Balaji, Z Khan"
64885,2004-03-24,2004,ODI,India,Pakistan,India tour of Pakistan,,Gaddafi Stadium,Lahore,Won,India,40.0,runs,VVS Laxman,"V Sehwag, SR Tendulkar, VVS Laxman, SC Ganguly, R Dravid, Yuvraj Singh, M Kaif, IK Pathan, L Balaji, M Kartik, Z Khan"
64083,2004-04-13,2004,Test,India,Pakistan,India tour of Pakistan,,Rawalpindi Cricket Stadium,Rawalpindi,Won,India,131.0,runs,R Dravid,"V Sehwag, PA Patel, R Dravid, SR Tendulkar, VVS Laxman, SC Ganguly, Yuvraj Singh, IK Pathan, A Kumble, L Balaji, A Nehra"
65716,2004-07-27,2004,ODI,India,Sri Lanka,Asia Cup,,R.Premadasa Stadium,Colombo,Won,India,4.0,runs,V Sehwag,"SR Tendulkar, V Sehwag, SC Ganguly, R Dravid, Yuvraj Singh, M Kaif, PA Patel, IK Pathan, Harbhajan Singh, Z Khan, A Kumble"
65718,2004-08-01,2004,ODI,India,Sri Lanka,Asia Cup,Final,R.Premadasa Stadium,Colombo,Lost,Sri Lanka,25.0,runs,MS Atapattu,"V Sehwag, SR Tendulkar, SC Ganguly, VVS Laxman, R Dravid, Yuvraj Singh, M Kaif, IK Pathan, Harbhajan Singh, Z Khan, A Nehra"
66374,2004-08-21,2004,ODI,India,Pakistan,Videocon Cup,,VRA Cricket Ground,Amstelveen,Lost,Pakistan,66.0,runs,Shoaib Malik,"V Sehwag, SC Ganguly, VVS Laxman, R Dravid, Yuvraj Singh, M Kaif, RS Gavaskar, AB Agarkar, IK Pathan, L Balaji, A Kumble"
66375,2004-08-23,2004,ODI,India,Australia,Videocon Cup,,VRA Cricket Ground,Amstelveen,No Result,,,,,"A Kumble, Yuvraj Singh, SC Ganguly, V Sehwag, A Nehra, L Balaji, IK Pathan, R Dravid, VVS Laxman, RS Gavaskar, M Kaif"
65032,2004-09-01,2004,ODI,India,England,India tour of England,,Trent Bridge,Nottingham,Lost,England,7.0,wickets,AG Wharf,"V Sehwag, SC Ganguly, VVS Laxman, R Dravid, Yuvraj Singh, M Kaif, RS Gavaskar, IK Pathan, A Kumble, L Balaji, A Nehra"
65033,2004-09-03,2004,ODI,India,England,India tour of England,,Kennington Oval,London,Lost,England,70.0,runs,A Flintoff,"SC Ganguly, V Sehwag, VVS Laxman, M Kaif, R Dravid, Yuvraj Singh, RS Gavaskar, AB Agarkar, IK Pathan, Harbhajan Singh, L Balaji"
65034,2004-09-05,2004,ODI,India,England,India tour of England,,Lord's,London,Won,India,23.0,runs,SC Ganguly,"SC Ganguly, VVS Laxman, M Kaif, V Sehwag, R Dravid, Yuvraj Singh, KD Karthik, Harbhajan Singh, IK Pathan, A Kumble, A Nehra"
66198,2004-09-11,2004,ODI,India,Kenya,ICC Champions Trophy,,The Rose Bowl,Southampton,Won,India,98.0,runs,SC Ganguly,"SC Ganguly, V Sehwag, VVS Laxman, Yuvraj Singh, M Kaif, R Dravid, KD Karthik, Harbhajan Singh, IK Pathan, AB Agarkar, A Nehra"
66207,2004-09-19,2004,ODI,India,Pakistan,ICC Champions Trophy,,Edgbaston,Birmingham,Lost,Pakistan,3.0,wickets,Yousuf Youhana,"SC Ganguly, V Sehwag, VVS Laxman, M Kaif, R Dravid, Yuvraj Singh, RS Gavaskar, AB Agarkar, IK Pathan, Harbhajan Singh, A Nehra"
64100,2004-10-14,2004,Test,India,Australia,Australia tour of India,,MA Chidambaram Stadium,Chennai,Draw,,,,A Kumble,"Yuvraj Singh, V Sehwag, IK Pathan, R Dravid, SC Ganguly, VVS Laxman, M Kaif, PA Patel, A Kumble, Harbhajan Singh, Z Khan"
64102,2004-11-03,2004,Test,India,Australia,Australia tour of India,,Wankhede Stadium,Mumbai,Won,India,13.0,runs,M Kartik,"G Gambhir, V Sehwag, R Dravid, SR Tendulkar, VVS Laxman, M Kaif, KD Karthik, A Kumble, Harbhajan Singh, M Kartik, Z Khan"
64109,2004-11-20,2004,Test,India,South Africa,South Africa tour of India,,Green Park,Kanpur,Draw,,,,AJ Hall,"V Sehwag, G Gambhir, R Dravid, SR Tendulkar, SC Ganguly, VVS Laxman, KD Karthik, A Kumble, Harbhajan Singh, Z Khan, M Kartik"
64110,2004-11-28,2004,Test,India,South Africa,South Africa tour of India,,Eden Gardens,Kolkata,Won,India,8.0,wickets,Harbhajan Singh,"V Sehwag, G Gambhir, R Dravid, SR Tendulkar, SC Ganguly, VVS Laxman, KD Karthik, IK Pathan, A Kumble, Harbhajan Singh, Z Khan"
64111,2004-12-10,2004,Test,India,Bangladesh,India tour of Bangladesh,,Bangabandhu National Stadium,Dhaka,Won,India,140.0,runs,IK Pathan,"G Gambhir, V Sehwag, R Dravid, SR Tendulkar, SC Ganguly, VVS Laxman, KD Karthik, IK Pathan, A Kumble, Harbhajan Singh, Z Khan"
64914,2004-12-23,2004,ODI,India,Bangladesh,India tour of Bangladesh,,MA Aziz Stadium,Chattogram,Won,India,11.0,runs,M Kaif,"SC Ganguly, SR Tendulkar, Yuvraj Singh, R Dravid, M Kaif, S Sriram, MS Dhoni, AB Agarkar, IK Pathan, Joginder Sharma, Harbhajan Singh"
64917,2004-12-27,2004,ODI,India,Bangladesh,India tour of Bangladesh,,Bangabandhu National Stadium,Dhaka,Won,India,91.0,runs,V Sehwag,"V Sehwag, SR Tendulkar, SC Ganguly, R Dravid, M Kaif, Yuvraj Singh, MS Dhoni, AB Agarkar, Harbhajan Singh, Z Khan, Joginder Sharma"
64939,2005-04-05,2005,ODI,India,Pakistan,Pakistan tour of India,,Dr. Y.S. Rajasekhara Reddy ACA-VDCA Cricket Stadium,Visakhapatnam,Won,India,58.0,runs,MS Dhoni,"V Sehwag, SR Tendulkar, MS Dhoni, SC Ganguly, R Dravid, Yuvraj Singh, M Kaif, Harbhajan Singh, L Balaji, Z Khan, A Nehra"
64941,2005-04-12,2005,ODI,India,Pakistan,Pakistan tour of India,,"Sardar Patel (Gujarat) Stadium, Motera",Ahmedabad,Lost,Pakistan,3.0,wickets,Inzamam-ul-Haq,"V Sehwag, SR Tendulkar, MS Dhoni, SC Ganguly, R Dravid, Yuvraj Singh, M Kaif, Z Khan, M Kartik, L Balaji, A Nehra"
64942,2005-04-15,2005,ODI,India,Pakistan,Pakistan tour of India,,Green Park,Kanpur,Lost,Pakistan,5.0,wickets,Shahid Afridi,"V Sehwag, SR Tendulkar, MS Dhoni, R Dravid, Yuvraj Singh, M Kaif, D Mongia, Z Khan, L Balaji, Harbhajan Singh, A Kumble"
64943,2005-04-17,2005,ODI,India,Pakistan,Pakistan tour of India,,Arun Jaitley Stadium,Delhi,Lost,Pakistan,159.0,runs,Shoaib Malik,"V Sehwag, SR Tendulkar, MS Dhoni, R Dravid, Yuvraj Singh, M Kaif, D Mongia, AB Agarkar, Harbhajan Singh, Z Khan, A Nehra"
214742,2005-07-31,2005,ODI,India,West Indies,Indian Oil Cup,,Rangiri Dambulla International Stadium,,Won,India,6.0,wickets,R Dravid,"M Kaif, V Sehwag, SK Raina, R Dravid, Yuvraj Singh, MS Dhoni, Y Venugopal Rao, IK Pathan, Harbhajan Singh, Z Khan, A Nehra"
217481,2005-08-29,2005,ODI,India,Zimbabwe,Videocon Triangular Series,,Harare Sports Club,,Won,India,161.0,runs,IK Pathan,"SC Ganguly, Y Venugopal Rao, M Kaif, R Dravid, Yuvraj Singh, MS Dhoni, AB Agarkar, Jai Prakash Yadav, IK Pathan, Harbhajan Singh, A Nehra"
217979,2005-09-04,2005,ODI,India,Zimbabwe,Videocon Triangular Series,,Harare Sports Club,,Won,India,4.0,wickets,Yuvraj Singh,"V Sehwag, SC Ganguly, M Kaif, R Dravid, Yuvraj Singh, Y Venugopal Rao, MS Dhoni, Jai Prakash Yadav, Harbhajan Singh, M Kartik, AB Agarkar, RP Singh"
218250,2005-09-06,2005,ODI,India,New Zealand,Videocon Triangular Series,Final,Harare Sports Club,,Lost,New Zealand,6.0,wickets,NJ Astle,"V Sehwag, SC Ganguly, M Kaif, R Dravid, Yuvraj Singh, Y Venugopal Rao, MS Dhoni, Jai Prakash Yadav, AB Agarkar, IK Pathan, A Nehra, Harbhajan Singh"
219062,2005-09-13,2005,Test,India,Zimbabwe,India tour of Zimbabwe,,Queens Sports Club,Bulawayo,Won,India,90.0,runs,IK Pathan,"G Gambhir, V Sehwag, R Dravid, VVS Laxman, SC Ganguly, Yuvraj Singh, KD Karthik, IK Pathan, A Kumble, Harbhajan Singh, Z Khan"
223018,2005-10-25,2005,ODI,India,Sri Lanka,Sri Lanka tour of India,,Vidarbha C.A. Ground,Nagpur,Won,India,152.0,runs,R Dravid,"V Sehwag, SR Tendulkar, IK Pathan, Yuvraj Singh, R Dravid, MS Dhoni, AB Agarkar, Jai Prakash Yadav, Harbhajan Singh, Y Venugopal Rao, S Sreesanth, M Kartik"
223334,2005-10-28,2005,ODI,India,Sri Lanka,Sri Lanka tour of India,,"Punjab Cricket Association IS Bindra Stadium, Mohali",Chandigarh,Won,India,8.0,wickets,IK Pathan,"V Sehwag, SR Tendulkar, Jai Prakash Yadav, R Dravid, Yuvraj Singh, MS Dhoni, AB Agarkar, IK Pathan, Harbhajan Singh, Y Venugopal Rao, M Kartik"
223902,2005-11-03,2005,ODI,India,Sri Lanka,Sri Lanka tour of India,,Nehru Stadium,Pune,Won,India,4.0,wickets,AB Agarkar,"V Sehwag, SR Tendulkar, Yuvraj Singh, R Dravid, Y Venugopal Rao, MS Dhoni, IK Pathan, SK Raina, AB Agarkar, Harbhajan Singh, Jai Prakash Yadav, S Sreesanth"
224231,2005-11-06,2005,ODI,India,Sri Lanka,Sri Lanka tour of India,,"Sardar Patel (Gujarat) Stadium, Motera",Ahmedabad,Lost,Sri Lanka,5.0,wickets,TM Dilshan,"G Gambhir, V Sehwag, MS Dhoni, Yuvraj Singh, R Dravid, Y Venugopal Rao, SK Raina, AB Agarkar, M Kartik, RP Singh, S Sreesanth, Jai Prakash Yadav"
224556,2005-11-09,2005,ODI,India,Sri Lanka,Sri Lanka tour of India,,Madhavrao Scindia Cricket Ground,Rajkot,Won,India,7.0,wickets,RP Singh,"G Gambhir, SR Tendulkar, V Sehwag, M Kaif, Yuvraj Singh, MS Dhoni, IK Pathan, SK Raina, Harbhajan Singh, S Sreesanth, RP Singh, M Kartik"
225437,2005-11-12,2005,ODI,India,Sri Lanka,Sri Lanka tour of India,,Reliance Stadium,Vadodara,Won,India,5.0,wickets,IK Pathan,"V Sehwag, SR Tendulkar, IK Pathan, MS Dhoni, M Kaif, R Dravid, Yuvraj Singh, AB Agarkar, Harbhajan Singh, SK Raina, M Kartik, RP Singh"
225959,2005-11-16,2005,ODI,India,South Africa,South Africa tour of India,,"Rajiv Gandhi International Stadium, Uppal",Hyderabad,Lost,South Africa,5.0,wickets,Yuvraj Singh,"V Sehwag, SR Tendulkar, M Kaif, R Dravid, Yuvraj Singh, G Gambhir, IK Pathan, MS Dhoni, AB Agarkar, Harbhajan Singh, RP Singh, M Kartik"
226359,2005-11-28,2005,ODI,India,South Africa,South Africa tour of India,,Wankhede Stadium,Mumbai,Won,India,5.0,wickets,R Dravid,"G Gambhir, SR Tendulkar, V Sehwag, R Dravid, Yuvraj Singh, MS Dhoni, M Kaif, Harbhajan Singh, M Kartik, AB Agarkar, IK Pathan, RP Singh"
226363,2005-12-18,2005,Test,India,Sri Lanka,Sri Lanka tour of India,,Sardar Patel Stadium,Ahmedabad,Won,India,259.0,runs,Harbhajan Singh,"G Gambhir, V Sehwag, VVS Laxman, SR Tendulkar, Yuvraj Singh, M Kaif, MS Dhoni, IK Pathan, AB Agarkar, A Kumble, Harbhajan Singh"
233797,2006-01-21,2006,Test,India,Pakistan,India tour of Pakistan,,Iqbal Stadium,Faisalabad,Draw,,,,RP Singh,"VVS Laxman, R Dravid, V Sehwag, SR Tendulkar, Yuvraj Singh, MS Dhoni, IK Pathan, Harbhajan Singh, A Kumble, Z Khan, RP Singh"
234783,2006-01-29,2006,Test,India,Pakistan,India tour of Pakistan,,National Stadium,Karachi,Lost,Pakistan,341.0,runs,Kamran Akmal,"V Sehwag, R Dravid, VVS Laxman, SR Tendulkar, SC Ganguly, Yuvraj Singh, MS Dhoni, IK Pathan, A Kumble, Z Khan, RP Singh"
235831,2006-02-06,2006,ODI,India,Pakistan,India in Pakistan ODI Series,,Arbab Niaz Stadium,Peshawar,Lost,Pakistan,7.0,runs,Salman Butt,"V Sehwag, SR Tendulkar, IK Pathan, MS Dhoni, Yuvraj Singh, R Dravid, M Kaif, AB Agarkar, Z Khan, M Kartik, S Sreesanth, SK Raina"
236520,2006-02-11,2006,ODI,India,Pakistan,India in Pakistan ODI Series,,Rawalpindi Cricket Stadium,,Won,India,7.0,wickets,IK Pathan,"V Sehwag, SR Tendulkar, R Dravid, Yuvraj Singh, M Kaif, IK Pathan, MS Dhoni, SK Raina, AB Agarkar, Z Khan, RR Powar, S Sreesanth"
236809,2006-02-13,2006,ODI,India,Pakistan,India in Pakistan ODI Series,,Gaddafi Stadium,Lahore,Won,India,5.0,wickets,MS Dhoni,"G Gambhir, SR Tendulkar, IK Pathan, R Dravid, Yuvraj Singh, M Kaif, MS Dhoni, SK Raina, Z Khan, RP Singh, S Sreesanth, AB Agarkar"
237222,2006-02-16,2006,ODI,India,Pakistan,India in Pakistan ODI Series,,Multan Cricket Stadium,,Won,India,5.0,wickets,RP Singh,"G Gambhir, SR Tendulkar, R Dravid, Yuvraj Singh, M Kaif, SK Raina, MS Dhoni, IK Pathan, AB Agarkar, RP Singh, S Sreesanth"
237571,2006-02-19,2006,ODI,India,Pakistan,India in Pakistan ODI Series,,National Stadium,Karachi,Won,India,8.0,wickets,Yuvraj Singh,"G Gambhir, R Dravid, Yuvraj Singh, MS Dhoni, SK Raina, M Kaif, RR Powar, AB Agarkar, Z Khan, RP Singh, S Sreesanth"
239025,2006-03-01,2006,Test,India,England,England tour of India,,Vidarbha C.A. Ground,Nagpur,Draw,,,,MJ Hoggard,"W Jaffer, V Sehwag, R Dravid, IK Pathan, MS Dhoni, SR Tendulkar, Harbhajan Singh, VVS Laxman, A Kumble, M Kaif, S Sreesanth"
238186,2006-03-09,2006,Test,India,England,England tour of India,,"Punjab Cricket Association IS Bindra Stadium, Mohali",Chandigarh,Won,India,9.0,wickets,A Kumble,"W Jaffer, V Sehwag, R Dravid, SR Tendulkar, Yuvraj Singh, MS Dhoni, IK Pathan, A Kumble, PP Chawla, Harbhajan Singh, MM Patel"
238188,2006-03-28,2006,ODI,India,England,England in India ODI Series,,Feroz Shah Kotla,Delhi,Won,India,39.0,runs,Harbhajan Singh,"G Gambhir, V Sehwag, R Dravid, Yuvraj Singh, M Kaif, SK Raina, IK Pathan, MS Dhoni, Harbhajan Singh, RP Singh, S Sreesanth"
238189,2006-03-31,2006,ODI,India,England,England in India ODI Series,,Nahar Singh Stadium,Faridabad,Won,India,4.0,wickets,SK Raina,"V Sehwag, G Gambhir, R Dravid, Yuvraj Singh, M Kaif, SK Raina, MS Dhoni, IK Pathan, Harbhajan Singh, RR Powar, S Sreesanth"
238190,2006-04-03,2006,ODI,India,England,England in India ODI Series,,"Nehru Stadium, Fatorda",Margao,Won,India,49.0,runs,Yuvraj Singh,"V Sehwag, R Dravid, IK Pathan, Yuvraj Singh, M Kaif, SK Raina, MS Dhoni, RR Powar, Harbhajan Singh, AB Agarkar, MM Patel"
238193,2006-04-12,2006,ODI,India,England,England in India ODI Series,,Keenan Stadium,Jamshedpur,Lost,England,5.0,wickets,AJ Strauss,"V Sehwag, MS Dhoni, M Kaif, Yuvraj Singh, SK Raina, Y Venugopal Rao, RR Powar, Harbhajan Singh, RP Singh, VRV Singh, MM Patel"
238194,2006-04-15,2006,ODI,India,England,England in India ODI Series,,Maharani Usharaje Trust Cricket Ground,Indore,Won,India,7.0,wickets,S Sreesanth,"RV Uthappa, R Dravid, Yuvraj Singh, SK Raina, IK Pathan, KD Karthik, Y Venugopal Rao, RR Powar, RP Singh, VRV Singh, S Sreesanth"
244510,2006-04-18,2006,ODI,India,Pakistan,DLF Cup,,Sheikh Zayed Stadium,Abu Dhabi,Lost,Pakistan,6.0,wickets,Younis Khan,"RV Uthappa, R Dravid, IK Pathan, Yuvraj Singh, SK Raina, Y Venugopal Rao, MS Dhoni, AB Agarkar, RR Powar, Harbhajan Singh, S Sreesanth"
244511,2006-04-19,2006,ODI,India,Pakistan,DLF Cup,,Sheikh Zayed Stadium,Abu Dhabi,Won,India,51.0,runs,R Dravid,"V Sehwag, R Dravid, MS Dhoni, Yuvraj Singh, SK Raina, IK Pathan, Y Venugopal Rao, AB Agarkar, RR Powar, Harbhajan Singh, S Sreesanth"
239916,2006-05-20,2006,ODI,India,West Indies,India in West Indies ODI Series,,"Sabina Park, Kingston",Jamaica,Lost,West Indies,1.0,runs,RR Sarwan,"R Dravid, V Sehwag, IK Pathan, Yuvraj Singh, M Kaif, SK Raina, MS Dhoni, AB Agarkar, RR Powar, Harbhajan Singh, MM Patel"
239917,2006-05-23,2006,ODI,India,West Indies,India in West Indies ODI Series,,"Warner Park, Basseterre",St Kitts,Lost,West Indies,4.0,wickets,RR Sarwan,"V Sehwag, R Dravid, SK Raina, M Kaif, MS Dhoni, Y Venugopal Rao, IK Pathan, RR Powar, AB Agarkar, Harbhajan Singh, S Sreesanth"
239918,2006-05-26,2006,ODI,India,West Indies,India in West Indies ODI Series,,"Queen's Park Oval, Port of Spain",Trinidad,Lost,West Indies,6.0,wickets,DJ Bravo,"V Sehwag, R Dravid, SK Raina, Yuvraj Singh, M Kaif, MS Dhoni, IK Pathan, AB Agarkar, RR Powar, Harbhajan Singh, S Sreesanth"
239919,2006-05-28,2006,ODI,India,West Indies,India in West Indies ODI Series,,"Queen's Park Oval, Port of Spain",Trinidad,Lost,West Indies,19.0,runs,DJ Bravo,"RV Uthappa, V Sehwag, MS Dhoni, R Dravid, Yuvraj Singh, M Kaif, SK Raina, AB Agarkar, Harbhajan Singh, MM Patel, S Sreesanth"
239920,2006-06-02,2006,Test,India,West Indies,India tour of West Indies,,"Antigua Recreation Ground, St John's",Antigua,Draw,,,,W Jaffer,"W Jaffer, V Sehwag, VVS Laxman, R Dravid, Yuvraj Singh, M Kaif, MS Dhoni, A Kumble, MM Patel, VRV Singh, S Sreesanth"
239921,2006-06-10,2006,Test,India,West Indies,India tour of West Indies,,"Daren Sammy National Cricket Stadium, Gros Islet",St Lucia,Draw,,,,V Sehwag,"W Jaffer, V Sehwag, VVS Laxman, R Dravid, Yuvraj Singh, M Kaif, MS Dhoni, IK Pathan, A Kumble, VRV Singh, MM Patel"
239922,2006-06-22,2006,Test,India,West Indies,India tour of West Indies,,"Warner Park, Basseterre",St Kitts,Draw,,,,D Ganga,"W Jaffer, V Sehwag, VVS Laxman, R Dravid, MS Dhoni, Yuvraj Singh, M Kaif, A Kumble, MM Patel, Harbhajan Singh, S Sreesanth"
239923,2006-06-30,2006,Test,India,West Indies,India tour of West Indies,,"Sabina Park, Kingston",Jamaica,Won,India,49.0,runs,R Dravid,"W Jaffer, V Sehwag, VVS Laxman, R Dravid, Yuvraj Singh, M Kaif, MS Dhoni, A Kumble, Harbhajan Singh, S Sreesanth, MM Patel"
256665,2006-08-18,2006,ODI,India,Sri Lanka,India in Sri Lanka ODI Series,,Sinhalese Sports Club Ground,Colombo,No Result,,,,,"R Dravid, SR Tendulkar, V Sehwag, Yuvraj Singh, M Kaif, MS Dhoni, IK Pathan, AB Agarkar, Harbhajan Singh, RR Powar, MM Patel"
256607,2006-09-14,2006,ODI,India,West Indies,DLF Cup,,Kinrara Academy Oval,Kuala Lumpur,Lost,West Indies,29.0,runs,SR Tendulkar,"R Dravid, SR Tendulkar, IK Pathan, V Sehwag, MS Dhoni, SK Raina, M Kaif, AB Agarkar, Harbhajan Singh, MM Patel, RP Singh"
256608,2006-09-16,2006,ODI,India,Australia,DLF Cup,,Kinrara Academy Oval,Kuala Lumpur,No Result,,,,,"R Dravid, SR Tendulkar, IK Pathan, V Sehwag, Yuvraj Singh, SK Raina, MS Dhoni, AB Agarkar, Harbhajan Singh, MM Patel, RP Singh"
256612,2006-09-20,2006,ODI,India,West Indies,DLF Cup,,Kinrara Academy Oval,Kuala Lumpur,Won,India,16.0,runs,Harbhajan Singh,"R Dravid, SR Tendulkar, V Sehwag, SK Raina, Yuvraj Singh, MS Dhoni, AB Agarkar, Harbhajan Singh, RP Singh, S Sreesanth, MM Patel"
256614,2006-09-22,2006,ODI,India,Australia,DLF Cup,,Kinrara Academy Oval,Kuala Lumpur,Lost,Australia,18.0,runs,B Lee,"V Sehwag, SR Tendulkar, M Kaif, R Dravid, D Mongia, SK Raina, MS Dhoni, AB Agarkar, Harbhajan Singh, RP Singh, MM Patel"
249745,2006-10-15,2006,ODI,India,England,ICC Champions Trophy,,Sawai Mansingh Stadium,Jaipur,Won,India,4.0,wickets,MM Patel,"V Sehwag, SR Tendulkar, IK Pathan, R Dravid, Yuvraj Singh, MS Dhoni, SK Raina, Harbhajan Singh, AB Agarkar, RR Powar, MM Patel"
249753,2006-10-26,2006,ODI,India,West Indies,ICC Champions Trophy,,"Sardar Patel Stadium, Motera",Ahmedabad,Lost,West Indies,3.0,wickets,S Chanderpaul,"V Sehwag, SR Tendulkar, IK Pathan, R Dravid, Yuvraj Singh, MS Dhoni, SK Raina, Harbhajan Singh, AB Agarkar, RP Singh, MM Patel"
249756,2006-10-29,2006,ODI,India,Australia,ICC Champions Trophy,,"Punjab Cricket Association Stadium, Mohali",Chandigarh,Lost,Australia,6.0,wickets,DR Martyn,"V Sehwag, SR Tendulkar, D Mongia, R Dravid, M Kaif, MS Dhoni, SK Raina, IK Pathan, Harbhajan Singh, MM Patel, S Sreesanth"
249211,2006-11-22,2006,ODI,India,South Africa,India in South Africa ODI Series,,Kingsmead,Durban,Lost,South Africa,157.0,runs,JH Kallis,"W Jaffer, SR Tendulkar, M Kaif, R Dravid, MS Dhoni, SK Raina, D Mongia, Harbhajan Singh, AB Agarkar, Z Khan, MM Patel"
249212,2006-11-26,2006,ODI,India,South Africa,India in South Africa ODI Series,,Newlands,Cape Town,Lost,South Africa,106.0,runs,JM Kemp,"V Sehwag, SR Tendulkar, R Dravid, M Kaif, KD Karthik, MS Dhoni, IK Pathan, Harbhajan Singh, AB Agarkar, Z Khan, A Kumble"
249213,2006-11-29,2006,ODI,India,South Africa,India in South Africa ODI Series,,St George's Park,Port Elizabeth,Lost,South Africa,80.0,runs,HH Gibbs,"W Jaffer, V Sehwag, SR Tendulkar, M Kaif, KD Karthik, MS Dhoni, IK Pathan, AB Agarkar, Z Khan, A Kumble, S Sreesanth"
255954,2006-12-01,2006,T20I,India,South Africa,,,New Wanderers Stadium,Johannesburg,Won,India,6.0,wickets,KD Karthik,"V Sehwag, SR Tendulkar, D Mongia, MS Dhoni, KD Karthik, SK Raina, IK Pathan, Harbhajan Singh, Z Khan, AB Agarkar, S Sreesanth"
249214,2006-12-03,2006,ODI,India,South Africa,India in South Africa ODI Series,,SuperSport Park,Centurion,Lost,South Africa,9.0,wickets,SM Pollock,"V Sehwag, SR Tendulkar, VVS Laxman, D Mongia, MS Dhoni, KD Karthik, IK Pathan, Harbhajan Singh, Z Khan, A Kumble, S Sreesanth"
249215,2006-12-15,2006,Test,India,South Africa,India tour of South Africa,,The Wanderers Stadium,Johannesburg,Won,India,123.0,runs,S Sreesanth,"W Jaffer, V Sehwag, R Dravid, SR Tendulkar, VVS Laxman, SC Ganguly, MS Dhoni, A Kumble, Z Khan, S Sreesanth, VRV Singh"
249216,2006-12-26,2006,Test,India,South Africa,India tour of South Africa,,Kingsmead,Durban,Lost,South Africa,174.0,runs,M Ntini,"W Jaffer, V Sehwag, R Dravid, SR Tendulkar, VVS Laxman, SC Ganguly, MS Dhoni, A Kumble, Z Khan, S Sreesanth, VRV Singh"
249217,2007-01-02,2007,Test,India,South Africa,India tour of South Africa,,Newlands,Cape Town,Lost,South Africa,5.0,wickets,GC Smith,"W Jaffer, V Sehwag, R Dravid, SC Ganguly, SR Tendulkar, VVS Laxman, KD Karthik, A Kumble, Z Khan, S Sreesanth, MM Patel"
267708,2007-01-27,2007,ODI,India,West Indies,West Indies in India ODI Series,,"MA Chidambaram Stadium, Chepauk",Chennai,Lost,West Indies,3.0,wickets,MN Samuels,"RV Uthappa, G Gambhir, SK Raina, SR Tendulkar, R Dravid, Yuvraj Singh, KD Karthik, AB Agarkar, RR Powar, A Kumble, S Sreesanth"
267709,2007-01-31,2007,ODI,India,West Indies,West Indies in India ODI Series,,Indian Petrochemicals Corporation Limited Sports Complex Ground,Vadodara,Won,India,160.0,runs,SR Tendulkar,"RV Uthappa, SC Ganguly, R Dravid, SR Tendulkar, MS Dhoni, Yuvraj Singh, AB Agarkar, IK Pathan, Harbhajan Singh, A Kumble, Z Khan"
267710,2007-02-08,2007,ODI,India,Sri Lanka,Sri Lanka in India ODI Series,,Eden Gardens,Kolkata,No Result,,,,,"RV Uthappa, SC Ganguly, R Dravid, SR Tendulkar, V Sehwag, MS Dhoni, KD Karthik, Harbhajan Singh, Z Khan, S Sreesanth, MM Patel"
267712,2007-02-11,2007,ODI,India,Sri Lanka,Sri Lanka in India ODI Series,,Madhavrao Scindia Cricket Ground,Rajkot,Lost,Sri Lanka,5.0,runs,KC Sangakkara,"RV Uthappa, SC Ganguly, R Dravid, SR Tendulkar, V Sehwag, MS Dhoni, KD Karthik, Harbhajan Singh, A Kumble, S Sreesanth, MM Patel"
267715,2007-02-14,2007,ODI,India,Sri Lanka,Sri Lanka in India ODI Series,,"Nehru Stadium, Fatorda",Margao,Won,India,5.0,wickets,Z Khan,"SC Ganguly, V Sehwag, SR Tendulkar, Yuvraj Singh, R Dravid, MS Dhoni, KD Karthik, Harbhajan Singh, AB Agarkar, Z Khan, MM Patel"
267713,2007-02-17,2007,ODI,India,Sri Lanka,Sri Lanka in India ODI Series,,Andhra Cricket Association-Visakhapatnam District Cricket Association Stadium,Visakhapatnam,Won,India,7.0,wickets,LPC Silva,"V Sehwag, SC Ganguly, RV Uthappa, KD Karthik, Yuvraj Singh, R Dravid, MS Dhoni, Harbhajan Singh, AB Agarkar, Z Khan, S Sreesanth"
247464,2007-03-17,2007,ODI,India,Bangladesh,ICC World Cup,,"Queen's Park Oval, Port of Spain",Trinidad,Lost,Bangladesh,5.0,wickets,Mashrafe Mortaza,"SC Ganguly, V Sehwag, RV Uthappa, SR Tendulkar, R Dravid, Yuvraj Singh, MS Dhoni, Harbhajan Singh, AB Agarkar, Z Khan, MM Patel"
247468,2007-03-19,2007,ODI,India,Bermuda,ICC World Cup,,"Queen's Park Oval, Port of Spain",Trinidad,Won,India,257.0,runs,V Sehwag,"RV Uthappa, SC Ganguly, V Sehwag, MS Dhoni, Yuvraj Singh, SR Tendulkar, R Dravid, AB Agarkar, A Kumble, Z Khan, MM Patel"
247476,2007-03-23,2007,ODI,India,Sri Lanka,ICC World Cup,,"Queen's Park Oval, Port of Spain",Trinidad,Lost,Sri Lanka,69.0,runs,M Muralitharan,"RV Uthappa, SC Ganguly, V Sehwag, SR Tendulkar, R Dravid, Yuvraj Singh, MS Dhoni, AB Agarkar, Harbhajan Singh, Z Khan, MM Patel"
282688,2007-05-10,2007,ODI,India,Bangladesh,India in Bangladesh ODI Series,,Shere Bangla National Stadium,Mirpur,Won,India,5.0,wickets,MS Dhoni,"G Gambhir, V Sehwag, MS Dhoni, Yuvraj Singh, R Dravid, D Mongia, KD Karthik, RR Powar, S Sreesanth, Z Khan, MM Patel"
282689,2007-05-12,2007,ODI,India,Bangladesh,India in Bangladesh ODI Series,,Shere Bangla National Stadium,Mirpur,Won,India,46.0,runs,G Gambhir,"V Sehwag, G Gambhir, MS Dhoni, Yuvraj Singh, R Dravid, D Mongia, KD Karthik, PP Chawla, RR Powar, Z Khan, MM Patel"
282691,2007-05-18,2007,Test,India,Bangladesh,India tour of Bangladesh,,Zahur Ahmed Chowdhury Stadium,Chattogram,Draw,,,,Mashrafe Mortaza,"W Jaffer, KD Karthik, R Dravid, SR Tendulkar, SC Ganguly, MS Dhoni, RR Powar, Z Khan, A Kumble, VRV Singh, RP Singh"
282692,2007-05-25,2007,Test,India,Bangladesh,India tour of Bangladesh,,"Shere Bangla National Stadium, Mirpur",Dhaka,Won,India,239.0,runs,Z Khan,"KD Karthik, W Jaffer, R Dravid, SR Tendulkar, SC Ganguly, MS Dhoni, RR Powar, Z Khan, A Kumble, RP Singh, I Sharma"
293071,2007-06-23,2007,ODI,India,Ireland,,,"Civil Service Cricket Club, Stormont",Belfast,Won,India,9.0,wickets,G Gambhir,"SC Ganguly, SR Tendulkar, G Gambhir, R Dravid, Yuvraj Singh, KD Karthik, RG Sharma, AB Agarkar, RP Singh, PP Chawla, S Sreesanth"
293076,2007-06-26,2007,ODI,India,South Africa,Future Cup,,"Civil Service Cricket Club, Stormont",Belfast,Lost,South Africa,4.0,wickets,JH Kallis,"SC Ganguly, SR Tendulkar, G Gambhir, R Dravid, Yuvraj Singh, KD Karthik, RG Sharma, PP Chawla, RR Powar, Z Khan, RP Singh"
293077,2007-06-29,2007,ODI,India,South Africa,Future Cup,,"Civil Service Cricket Club, Stormont",Belfast,Won,India,6.0,wickets,SR Tendulkar,"SC Ganguly, SR Tendulkar, R Dravid, Yuvraj Singh, MS Dhoni, KD Karthik, PP Chawla, RR Powar, Z Khan, RP Singh, I Sharma"
293078,2007-07-01,2007,ODI,India,South Africa,Future Cup,,"Civil Service Cricket Club, Stormont",Belfast,Won,India,6.0,wickets,Yuvraj Singh,"SC Ganguly, SR Tendulkar, G Gambhir, R Dravid, Yuvraj Singh, MS Dhoni, KD Karthik, PP Chawla, Z Khan, RP Singh, AB Agarkar"
258468,2007-07-19,2007,Test,India,England,"India tour of Ireland, England and Scotland",,Lord's,London,Draw,,,,KP Pietersen,"W Jaffer, KD Karthik, R Dravid, SR Tendulkar, SC Ganguly, VVS Laxman, MS Dhoni, A Kumble, Z Khan, RP Singh, S Sreesanth"
258469,2007-07-27,2007,Test,India,England,"India tour of Ireland, England and Scotland",,Trent Bridge,Nottingham,Won,India,7.0,wickets,Z Khan,"KD Karthik, W Jaffer, R Dravid, SR Tendulkar, SC Ganguly, VVS Laxman, MS Dhoni, A Kumble, Z Khan, RP Singh, S Sreesanth"
258470,2007-08-09,2007,Test,India,England,"India tour of Ireland, England and Scotland",,Kennington Oval,London,Draw,,,,A Kumble,"KD Karthik, W Jaffer, R Dravid, SR Tendulkar, SC Ganguly, VVS Laxman, MS Dhoni, A Kumble, Z Khan, RP Singh, S Sreesanth"
275789,2007-08-16,2007,ODI,India,Scotland,,,Titwood,Glasgow,Won,India,7.0,wickets,G Gambhir,"RV Uthappa, G Gambhir, KD Karthik, Yuvraj Singh, R Dravid, MS Dhoni, PP Chawla, AB Agarkar, RR Powar, RP Singh, MM Patel"
258471,2007-08-21,2007,ODI,India,England,NatWest Series,,The Rose Bowl,Southampton,Lost,England,104.0,runs,IR Bell,"SC Ganguly, SR Tendulkar, G Gambhir, R Dravid, Yuvraj Singh, MS Dhoni, KD Karthik, AB Agarkar, PP Chawla, Z Khan, RP Singh"
258472,2007-08-24,2007,ODI,India,England,NatWest Series,,County Ground,Bristol,Won,India,9.0,runs,R Dravid,"SC Ganguly, SR Tendulkar, Yuvraj Singh, R Dravid, MS Dhoni, KD Karthik, AB Agarkar, RR Powar, PP Chawla, RP Singh, MM Patel"
258473,2007-08-27,2007,ODI,India,England,NatWest Series,,Edgbaston,Birmingham,Lost,England,42.0,runs,IR Bell,"SC Ganguly, SR Tendulkar, KD Karthik, R Dravid, Yuvraj Singh, MS Dhoni, RR Powar, PP Chawla, Z Khan, RP Singh, MM Patel"
258474,2007-08-30,2007,ODI,India,England,NatWest Series,,Old Trafford,Manchester,Lost,England,3.0,wickets,SCJ Broad,"SC Ganguly, SR Tendulkar, KD Karthik, R Dravid, Yuvraj Singh, MS Dhoni, AB Agarkar, RR Powar, PP Chawla, Z Khan, RP Singh"
258475,2007-09-02,2007,ODI,India,England,NatWest Series,,Headingley,Leeds,Won,India,38.0,runs,SC Ganguly,"SC Ganguly, SR Tendulkar, G Gambhir, Yuvraj Singh, MS Dhoni, R Dravid, KD Karthik, Z Khan, AB Agarkar, RR Powar, PP Chawla"
258476,2007-09-05,2007,ODI,India,England,NatWest Series,,Kennington Oval,London,Won,India,2.0,wickets,SR Tendulkar,"SC Ganguly, SR Tendulkar, G Gambhir, Yuvraj Singh, R Dravid, MS Dhoni, RV Uthappa, AB Agarkar, Z Khan, RR Powar, PP Chawla"
258477,2007-09-08,2007,ODI,India,England,NatWest Series,,Lord's,London,Lost,England,7.0,wickets,KP Pietersen,"SC Ganguly, SR Tendulkar, G Gambhir, R Dravid, Yuvraj Singh, RV Uthappa, MS Dhoni, RR Powar, PP Chawla, Z Khan, RP Singh"
287862,2007-09-14,2007,T20I,India,Pakistan,ICC World Twenty20,,Kingsmead,Durban,Tie,,,,Mohammad Asif,"G Gambhir, V Sehwag, RV Uthappa, Yuvraj Singh, KD Karthik, MS Dhoni, IK Pathan, Harbhajan Singh, AB Agarkar, S Sreesanth, RP Singh"
287865,2007-09-16,2007,T20I,India,New Zealand,ICC World Twenty20,,New Wanderers Stadium,Johannesburg,Lost,New Zealand,10.0,runs,DL Vettori,"G Gambhir, V Sehwag, RV Uthappa, MS Dhoni, Yuvraj Singh, KD Karthik, IK Pathan, AB Agarkar, Harbhajan Singh, S Sreesanth, RP Singh"
287873,2007-09-19,2007,T20I,India,England,ICC World Twenty20,,Kingsmead,Durban,Won,India,18.0,runs,Yuvraj Singh,"G Gambhir, V Sehwag, RV Uthappa, MS Dhoni, Yuvraj Singh, IK Pathan, RG Sharma, Harbhajan Singh, Joginder Sharma, S Sreesanth, RP Singh"
287876,2007-09-20,2007,T20I,India,South Africa,ICC World Twenty20,,Kingsmead,Durban,Won,India,37.0,runs,RG Sharma,"G Gambhir, V Sehwag, KD Karthik, RV Uthappa, RG Sharma, MS Dhoni, IK Pathan, Harbhajan Singh, Joginder Sharma, S Sreesanth, RP Singh"
287878,2007-09-22,2007,T20I,India,Australia,ICC World Twenty20,Semi Final,Kingsmead,Durban,Won,India,15.0,runs,Yuvraj Singh,"G Gambhir, V Sehwag, RV Uthappa, Yuvraj Singh, MS Dhoni, RG Sharma, IK Pathan, Harbhajan Singh, Joginder Sharma, S Sreesanth, RP Singh"
287879,2007-09-24,2007,T20I,India,Pakistan,ICC World Twenty20,Final,New Wanderers Stadium,Johannesburg,Won,India,5.0,runs,IK Pathan,"G Gambhir, YK Pathan, RV Uthappa, Yuvraj Singh, MS Dhoni, RG Sharma, IK Pathan, Harbhajan Singh, Joginder Sharma, S Sreesanth, RP Singh"
297793,2007-09-29,2007,ODI,India,Australia,Australia in India ODI Series,,M Chinnaswamy Stadium,Bangalore,No Result,,,,,"G Gambhir, SR Tendulkar, IK Pathan, SC Ganguly, R Dravid, Yuvraj Singh, MS Dhoni, RR Powar, RP Singh, Z Khan, S Sreesanth"
297794,2007-10-02,2007,ODI,India,Australia,Australia in India ODI Series,,Nehru Stadium,Kochi,Lost,Australia,84.0,runs,BJ Haddin,"G Gambhir, SR Tendulkar, RV Uthappa, Yuvraj Singh, R Dravid, MS Dhoni, IK Pathan, Harbhajan Singh, RR Powar, Z Khan, S Sreesanth"
297795,2007-10-05,2007,ODI,India,Australia,Australia in India ODI Series,,"Rajiv Gandhi International Stadium, Uppal",Hyderabad,Lost,Australia,47.0,runs,A Symonds,"G Gambhir, SR Tendulkar, RV Uthappa, R Dravid, Yuvraj Singh, MS Dhoni, RG Sharma, IK Pathan, Harbhajan Singh, Z Khan, S Sreesanth"
297796,2007-10-08,2007,ODI,India,Australia,Australia in India ODI Series,,Sector 16 Stadium,Chandigarh,Won,India,8.0,runs,MS Dhoni,"SC Ganguly, SR Tendulkar, Yuvraj Singh, MS Dhoni, R Dravid, RV Uthappa, IK Pathan, M Kartik, Harbhajan Singh, Z Khan, RP Singh"
297797,2007-10-11,2007,ODI,India,Australia,Australia in India ODI Series,,Reliance Stadium,Vadodara,Lost,Australia,9.0,wickets,MG Johnson,"SC Ganguly, SR Tendulkar, R Dravid, Yuvraj Singh, RV Uthappa, MS Dhoni, IK Pathan, Harbhajan Singh, M Kartik, Z Khan, RP Singh"
297798,2007-10-14,2007,ODI,India,Australia,Australia in India ODI Series,,Vidarbha Cricket Association Ground,Nagpur,Lost,Australia,18.0,runs,A Symonds,"SC Ganguly, SR Tendulkar, IK Pathan, R Dravid, Yuvraj Singh, MS Dhoni, RV Uthappa, Harbhajan Singh, Z Khan, M Kartik, S Sreesanth"
297799,2007-10-17,2007,ODI,India,Australia,Australia in India ODI Series,,Wankhede Stadium,Mumbai,Won,India,2.0,wickets,M Kartik,"SC Ganguly, SR Tendulkar, KD Karthik, Yuvraj Singh, RV Uthappa, MS Dhoni, IK Pathan, Harbhajan Singh, Z Khan, M Kartik, RP Singh"
297800,2007-10-20,2007,T20I,India,Australia,,,Brabourne Stadium,Mumbai,Won,India,7.0,wickets,G Gambhir,"G Gambhir, V Sehwag, RV Uthappa, Yuvraj Singh, MS Dhoni, RG Sharma, IK Pathan, M Kartik, Harbhajan Singh, RP Singh, S Sreesanth"
297801,2007-11-05,2007,ODI,India,Pakistan,Pakistan in India ODI Series,,Nehru Stadium,Guwahati,Won,India,5.0,wickets,MS Dhoni,"SC Ganguly, SR Tendulkar, G Gambhir, MS Dhoni, Yuvraj Singh, RV Uthappa, IK Pathan, Harbhajan Singh, M Kartik, Z Khan, RP Singh"
297802,2007-11-08,2007,ODI,India,Pakistan,Pakistan in India ODI Series,,"Punjab Cricket Association Stadium, Mohali",Chandigarh,Lost,Pakistan,4.0,wickets,Younis Khan,"SC Ganguly, SR Tendulkar, G Gambhir, V Sehwag, Yuvraj Singh, MS Dhoni, RV Uthappa, IK Pathan, Harbhajan Singh, Z Khan, RP Singh"
297803,2007-11-11,2007,ODI,India,Pakistan,Pakistan in India ODI Series,,Green Park,Kanpur,Won,India,46.0,runs,Yuvraj Singh,"SC Ganguly, SR Tendulkar, G Gambhir, Yuvraj Singh, MS Dhoni, RV Uthappa, IK Pathan, Harbhajan Singh, M Kartik, Z Khan, RP Singh"
297804,2007-11-15,2007,ODI,India,Pakistan,Pakistan in India ODI Series,,Captain Roop Singh Stadium,Gwalior,Won,India,6.0,wickets,SR Tendulkar,"SC Ganguly, SR Tendulkar, G Gambhir, V Sehwag, Yuvraj Singh, MS Dhoni, RV Uthappa, IK Pathan, Harbhajan Singh, Z Khan, RP Singh"
297805,2007-11-18,2007,ODI,India,Pakistan,Pakistan in India ODI Series,,Sawai Mansingh Stadium,Jaipur,Lost,Pakistan,31.0,runs,Shoaib Malik,"G Gambhir, SR Tendulkar, RV Uthappa, V Sehwag, RG Sharma, Yuvraj Singh, MS Dhoni, IK Pathan, P Kumar, M Kartik, S Sreesanth"
297806,2007-11-22,2007,Test,India,Pakistan,Pakistan tour of India,,Arun Jaitley Stadium,Delhi,Won,India,6.0,wickets,A Kumble,"KD Karthik, W Jaffer, R Dravid, SR Tendulkar, SC Ganguly, VVS Laxman, MS Dhoni, A Kumble, Harbhajan Singh, Z Khan, MM Patel"
297807,2007-11-30,2007,Test,India,Pakistan,Pakistan tour of India,,Eden Gardens,Kolkata,Draw,,,,W Jaffer,"W Jaffer, KD Karthik, MS Dhoni, SC Ganguly, R Dravid, SR Tendulkar, VVS Laxman, A Kumble, Harbhajan Singh, Z Khan, MM Patel"
297808,2007-12-08,2007,Test,India,Pakistan,Pakistan tour of India,,M.Chinnaswamy Stadium,Bengaluru,Draw,,,,SC Ganguly,"W Jaffer, G Gambhir, R Dravid, SC Ganguly, VVS Laxman, Yuvraj Singh, KD Karthik, IK Pathan, A Kumble, Harbhajan Singh, I Sharma"
291351,2007-12-26,2007,Test,India,Australia,India tour of Australia,,Melbourne Cricket Ground,,Lost,Australia,337.0,runs,ML Hayden,"R Dravid, W Jaffer, VVS Laxman, SR Tendulkar, SC Ganguly, Yuvraj Singh, MS Dhoni, A Kumble, Harbhajan Singh, Z Khan, RP Singh"
291352,2008-01-02,2008,Test,India,Australia,Border-Gavaskar Trophy,,Sydney Cricket Ground,,Lost,Australia,122.0,runs,A Symonds,"W Jaffer, R Dravid, VVS Laxman, SR Tendulkar, SC Ganguly, Yuvraj Singh, MS Dhoni, A Kumble, Harbhajan Singh, RP Singh, I Sharma"
291353,2008-01-16,2008,Test,India,Australia,Border-Gavaskar Trophy,,Western Australia Cricket Association Ground,Perth,Won,India,72.0,runs,IK Pathan,"W Jaffer, V Sehwag, R Dravid, SR Tendulkar, SC Ganguly, VVS Laxman, MS Dhoni, IK Pathan, A Kumble, RP Singh, I Sharma"
291354,2008-01-24,2008,Test,India,Australia,Border-Gavaskar Trophy,,Adelaide Oval,,Draw,,,,SR Tendulkar,"V Sehwag, IK Pathan, R Dravid, SR Tendulkar, SC Ganguly, VVS Laxman, MS Dhoni, A Kumble, Harbhajan Singh, RP Singh, I Sharma"
291356,2008-02-01,2008,T20I,India,Australia,,,Melbourne Cricket Ground,,Lost,Australia,9.0,wickets,MJ Clarke,"G Gambhir, V Sehwag, KD Karthik, RV Uthappa, RG Sharma, MS Dhoni, IK Pathan, P Kumar, Harbhajan Singh, S Sreesanth, I Sharma"
291359,2008-02-03,2008,ODI,India,Australia,Commonwealth Bank Series,,"Brisbane Cricket Ground, Woolloongabba",Brisbane,No Result,,,,,"V Sehwag, SR Tendulkar, G Gambhir, RG Sharma, MK Tiwary, MS Dhoni, RV Uthappa, IK Pathan, Harbhajan Singh, S Sreesanth, I Sharma"
291360,2008-02-05,2008,ODI,India,Sri Lanka,Commonwealth Bank Series,,"Brisbane Cricket Ground, Woolloongabba",Brisbane,No Result,,,,,"V Sehwag, SR Tendulkar, G Gambhir, Yuvraj Singh, RG Sharma, MS Dhoni, RV Uthappa, IK Pathan, Harbhajan Singh, S Sreesanth, I Sharma"
291362,2008-02-10,2008,ODI,India,Australia,Commonwealth Bank Series,,Melbourne Cricket Ground,,Won,India,5.0,wickets,I Sharma,"V Sehwag, SR Tendulkar, IK Pathan, G Gambhir, Yuvraj Singh, RG Sharma, MS Dhoni, RV Uthappa, Harbhajan Singh, S Sreesanth, I Sharma"
291365,2008-02-17,2008,ODI,India,Australia,Commonwealth Bank Series,,Adelaide Oval,,Lost,Australia,50.0,runs,MJ Clarke,"G Gambhir, SR Tendulkar, IK Pathan, RG Sharma, Yuvraj Singh, MS Dhoni, RV Uthappa, Harbhajan Singh, S Sreesanth, I Sharma, MM Patel"
291366,2008-02-19,2008,ODI,India,Sri Lanka,Commonwealth Bank Series,,Adelaide Oval,,Won,India,2.0,wickets,KC Sangakkara,"G Gambhir, SR Tendulkar, RV Uthappa, RG Sharma, Yuvraj Singh, MS Dhoni, IK Pathan, P Kumar, Harbhajan Singh, I Sharma, MM Patel"
291368,2008-02-24,2008,ODI,India,Australia,Commonwealth Bank Series,,Sydney Cricket Ground,,Lost,Australia,18.0,runs,RT Ponting,"V Sehwag, SR Tendulkar, G Gambhir, RG Sharma, Yuvraj Singh, MS Dhoni, RV Uthappa, IK Pathan, Harbhajan Singh, S Sreesanth, I Sharma"
291369,2008-02-26,2008,ODI,India,Sri Lanka,Commonwealth Bank Series,,Bellerive Oval,Hobart,Won,India,7.0,wickets,P Kumar,"RV Uthappa, SR Tendulkar, G Gambhir, Yuvraj Singh, RG Sharma, P Kumar, IK Pathan, MS Dhoni, Harbhajan Singh, I Sharma, MM Patel"
291371,2008-03-02,2008,ODI,India,Australia,Commonwealth Bank Series,Final,Sydney Cricket Ground,,Won,India,6.0,wickets,SR Tendulkar,"RV Uthappa, SR Tendulkar, G Gambhir, Yuvraj Singh, RG Sharma, MS Dhoni, P Kumar, IK Pathan, Harbhajan Singh, I Sharma, PP Chawla"
291372,2008-03-04,2008,ODI,India,Australia,Commonwealth Bank Series,Final,"Brisbane Cricket Ground, Woolloongabba",Brisbane,Won,India,9.0,runs,P Kumar,"RV Uthappa, SR Tendulkar, G Gambhir, Yuvraj Singh, MS Dhoni, RG Sharma, IK Pathan, Harbhajan Singh, P Kumar, PP Chawla, S Sreesanth"
332911,2008-03-26,2008,Test,India,South Africa,South Africa in India Test Series,,"MA Chidambaram Stadium, Chepauk",Chennai,Draw,,,,V Sehwag,"W Jaffer, V Sehwag, R Dravid, SR Tendulkar, SC Ganguly, VVS Laxman, MS Dhoni, A Kumble, Harbhajan Singh, RP Singh, S Sreesanth"
332912,2008-04-03,2008,Test,India,South Africa,South Africa in India Test Series,,"Sardar Patel Stadium, Motera",Ahmedabad,Lost,South Africa,90.0,runs,AB de Villiers,"W Jaffer, V Sehwag, R Dravid, VVS Laxman, SC Ganguly, MS Dhoni, IK Pathan, A Kumble, Harbhajan Singh, RP Singh, S Sreesanth"
332913,2008-04-11,2008,Test,India,South Africa,South Africa in India Test Series,,Green Park,Kanpur,Won,India,8.0,wickets,SC Ganguly,"W Jaffer, V Sehwag, R Dravid, VVS Laxman, SC Ganguly, Yuvraj Singh, MS Dhoni, Harbhajan Singh, PP Chawla, S Sreesanth, I Sharma"
345469,2008-06-10,2008,ODI,India,Pakistan,Kitply Cup,,Shere Bangla National Stadium,Mirpur,Won,India,140.0,runs,V Sehwag,"G Gambhir, V Sehwag, Yuvraj Singh, YK Pathan, RG Sharma, MS Dhoni, SK Raina, IK Pathan, P Kumar, PP Chawla, I Sharma"
345470,2008-06-12,2008,ODI,India,Bangladesh,Kitply Cup,,Shere Bangla National Stadium,Mirpur,Won,India,7.0,wickets,G Gambhir,"G Gambhir, V Sehwag, RG Sharma, Yuvraj Singh, SK Raina, YK Pathan, MS Dhoni, IK Pathan, PP Chawla, P Kumar, RP Singh"
345471,2008-06-14,2008,ODI,India,Pakistan,Kitply Cup,Final,Shere Bangla National Stadium,Mirpur,Lost,Pakistan,25.0,runs,Younis Khan,"G Gambhir, V Sehwag, RG Sharma, YK Pathan, Yuvraj Singh, SK Raina, MS Dhoni, IK Pathan, P Kumar, PP Chawla, I Sharma"
335349,2008-06-25,2008,ODI,India,Hong Kong,Asia Cup,,National Stadium,Karachi,Won,India,256.0,runs,SK Raina,"G Gambhir, V Sehwag, RG Sharma, MS Dhoni, SK Raina, RV Uthappa, YK Pathan, PP Chawla, P Kumar, RP Singh, MS Gony"
335351,2008-06-26,2008,ODI,India,Pakistan,Asia Cup,,National Stadium,Karachi,Won,India,6.0,wickets,SK Raina,"G Gambhir, V Sehwag, SK Raina, Yuvraj Singh, MS Dhoni, RG Sharma, YK Pathan, PP Chawla, P Kumar, RP Singh, I Sharma"
335352,2008-06-28,2008,ODI,India,Bangladesh,Asia Cup,Super Four,National Stadium,Karachi,Won,India,7.0,wickets,SK Raina,"G Gambhir, RV Uthappa, RG Sharma, SK Raina, Yuvraj Singh, YK Pathan, MS Dhoni, RP Singh, I Sharma, PP Ojha, MS Gony"
335355,2008-07-02,2008,ODI,India,Pakistan,Asia Cup,Super Four,National Stadium,Karachi,Lost,Pakistan,8.0,wickets,Younis Khan,"G Gambhir, V Sehwag, SK Raina, Yuvraj Singh, MS Dhoni, RG Sharma, YK Pathan, IK Pathan, P Kumar, PP Chawla, I Sharma"
335356,2008-07-03,2008,ODI,India,Sri Lanka,Asia Cup,Super Four,National Stadium,Karachi,Won,India,6.0,wickets,MS Dhoni,"G Gambhir, V Sehwag, SK Raina, MS Dhoni, Yuvraj Singh, RG Sharma, IK Pathan, P Kumar, PP Ojha, RP Singh, I Sharma"
335358,2008-07-06,2008,ODI,India,Sri Lanka,Asia Cup,Final,National Stadium,Karachi,Lost,Sri Lanka,100.0,runs,BAW Mendis,"G Gambhir, V Sehwag, SK Raina, Yuvraj Singh, MS Dhoni, RG Sharma, RV Uthappa, IK Pathan, RP Singh, PP Ojha, I Sharma"
343729,2008-07-23,2008,Test,India,Sri Lanka,India in Sri Lanka Test Series,,Sinhalese Sports Club Ground,Colombo,Lost,Sri Lanka,239.0,runs,M Muralitharan,"G Gambhir, V Sehwag, R Dravid, SR Tendulkar, SC Ganguly, VVS Laxman, KD Karthik, A Kumble, Harbhajan Singh, Z Khan, I Sharma"
343730,2008-07-31,2008,Test,India,Sri Lanka,India in Sri Lanka Test Series,,Galle International Stadium,,Won,India,170.0,runs,V Sehwag,"G Gambhir, V Sehwag, R Dravid, SR Tendulkar, SC Ganguly, VVS Laxman, KD Karthik, A Kumble, Harbhajan Singh, Z Khan, I Sharma"
343731,2008-08-08,2008,Test,India,Sri Lanka,India in Sri Lanka Test Series,,P Saravanamuttu Stadium,Colombo,Lost,Sri Lanka,8.0,wickets,KC Sangakkara,"G Gambhir, V Sehwag, R Dravid, SR Tendulkar, SC Ganguly, VVS Laxman, PA Patel, A Kumble, Harbhajan Singh, I Sharma, Z Khan"
343732,2008-08-18,2008,ODI,India,Sri Lanka,India in Sri Lanka ODI Series,,Rangiri Dambulla International Stadium,,Lost,Sri Lanka,8.0,wickets,BAW Mendis,"G Gambhir, V Kohli, SK Raina, Yuvraj Singh, RG Sharma, MS Dhoni, IK Pathan, Harbhajan Singh, Z Khan, PP Ojha, MM Patel"
343733,2008-08-20,2008,ODI,India,Sri Lanka,India in Sri Lanka ODI Series,,Rangiri Dambulla International Stadium,,Won,India,3.0,wickets,Z Khan,"IK Pathan, V Kohli, SK Raina, Yuvraj Singh, MS Dhoni, RG Sharma, S Badrinath, Harbhajan Singh, Z Khan, P Kumar, MM Patel"
343734,2008-08-24,2008,ODI,India,Sri Lanka,India in Sri Lanka ODI Series,,R Premadasa Stadium,Colombo,Won,India,33.0,runs,MS Dhoni,"V Kohli, G Gambhir, Yuvraj Singh, SK Raina, S Badrinath, MS Dhoni, RG Sharma, Harbhajan Singh, P Kumar, Z Khan, MM Patel"
366341,2008-08-27,2008,ODI,India,Sri Lanka,India in Sri Lanka ODI Series,,R Premadasa Stadium,Colombo,Won,India,46.0,runs,SK Raina,"V Kohli, G Gambhir, Yuvraj Singh, SK Raina, MS Dhoni, RG Sharma, S Badrinath, Harbhajan Singh, P Kumar, Z Khan, MM Patel"
343736,2008-08-29,2008,ODI,India,Sri Lanka,India in Sri Lanka ODI Series,,R Premadasa Stadium,Colombo,Lost,Sri Lanka,112.0,runs,KMDN Kulasekara,"V Kohli, G Gambhir, Yuvraj Singh, SK Raina, RG Sharma, MS Dhoni, IK Pathan, Z Khan, RP Singh, PP Ojha, MM Patel"
345669,2008-10-09,2008,Test,India,Australia,Border-Gavaskar Trophy,,M Chinnaswamy Stadium,Bangalore,Draw,,,,Z Khan,"G Gambhir, V Sehwag, R Dravid, SR Tendulkar, VVS Laxman, SC Ganguly, MS Dhoni, Harbhajan Singh, Z Khan, A Kumble, I Sharma"
345670,2008-10-17,2008,Test,India,Australia,Border-Gavaskar Trophy,,"Punjab Cricket Association Stadium, Mohali",Chandigarh,Won,India,320.0,runs,MS Dhoni,"G Gambhir, V Sehwag, R Dravid, SR Tendulkar, VVS Laxman, SC Ganguly, I Sharma, MS Dhoni, Harbhajan Singh, Z Khan, A Mishra"
345671,2008-10-29,2008,Test,India,Australia,Border-Gavaskar Trophy,,Feroz Shah Kotla,Delhi,Draw,,,,VVS Laxman,"G Gambhir, V Sehwag, R Dravid, SR Tendulkar, VVS Laxman, SC Ganguly, MS Dhoni, A Kumble, Z Khan, I Sharma, A Mishra"
345672,2008-11-06,2008,Test,India,Australia,Border-Gavaskar Trophy,,"Vidarbha Cricket Association Stadium, Jamtha",Nagpur,Won,India,172.0,runs,JJ Krejza,"V Sehwag, M Vijay, R Dravid, SR Tendulkar, VVS Laxman, SC Ganguly, MS Dhoni, Harbhajan Singh, Z Khan, A Mishra, I Sharma"
361043,2008-11-14,2008,ODI,India,England,England in India ODI Series,,Madhavrao Scindia Cricket Ground,Rajkot,Won,India,158.0,runs,Yuvraj Singh,"G Gambhir, V Sehwag, SK Raina, Yuvraj Singh, YK Pathan, MS Dhoni, RG Sharma, Harbhajan Singh, Z Khan, RP Singh, MM Patel"
361044,2008-11-17,2008,ODI,India,England,England in India ODI Series,,Maharani Usharaje Trust Cricket Ground,Indore,Won,India,54.0,runs,Yuvraj Singh,"G Gambhir, V Sehwag, SK Raina, RG Sharma, Yuvraj Singh, MS Dhoni, YK Pathan, Harbhajan Singh, Z Khan, RP Singh, MM Patel"
361045,2008-11-20,2008,ODI,India,England,England in India ODI Series,,Green Park,Kanpur,Won,India,16.0,runs,Harbhajan Singh,"G Gambhir, V Sehwag, SK Raina, RG Sharma, Yuvraj Singh, MS Dhoni, YK Pathan, Harbhajan Singh, Z Khan, I Sharma, MM Patel"
361046,2008-11-23,2008,ODI,India,England,England in India ODI Series,,M Chinnaswamy Stadium,Bangalore,Won,India,19.0,runs,V Sehwag,"V Sehwag, SR Tendulkar, G Gambhir, Yuvraj Singh, MS Dhoni, YK Pathan, SK Raina, Harbhajan Singh, Z Khan, I Sharma, MM Patel"
361047,2008-11-26,2008,ODI,India,England,England in India ODI Series,,Barabati Stadium,Cuttack,Won,India,6.0,wickets,V Sehwag,"V Sehwag, SR Tendulkar, Yuvraj Singh, MS Dhoni, SK Raina, RG Sharma, YK Pathan, IK Pathan, Harbhajan Singh, Z Khan, I Sharma"
361050,2008-12-11,2008,Test,India,England,England in India Test Series,,"MA Chidambaram Stadium, Chepauk",Chennai,Won,India,6.0,wickets,V Sehwag,"G Gambhir, V Sehwag, R Dravid, SR Tendulkar, VVS Laxman, Yuvraj Singh, MS Dhoni, Harbhajan Singh, Z Khan, A Mishra, I Sharma"
361051,2008-12-19,2008,Test,India,England,England in India Test Series,,"Punjab Cricket Association Stadium, Mohali",Chandigarh,Draw,,,,G Gambhir,"G Gambhir, V Sehwag, R Dravid, SR Tendulkar, VVS Laxman, Yuvraj Singh, MS Dhoni, Harbhajan Singh, Z Khan, A Mishra, I Sharma"
386530,2009-01-28,2009,ODI,India,Sri Lanka,India in Sri Lanka ODI Series,,Rangiri Dambulla International Stadium,,Won,India,6.0,wickets,ST Jayasuriya,"G Gambhir, SR Tendulkar, SK Raina, Yuvraj Singh, MS Dhoni, RG Sharma, YK Pathan, Z Khan, PP Ojha, I Sharma, MM Patel"
386531,2009-01-31,2009,ODI,India,Sri Lanka,India in Sri Lanka ODI Series,,R Premadasa Stadium,Colombo,Won,India,15.0,runs,I Sharma,"V Sehwag, SR Tendulkar, G Gambhir, Yuvraj Singh, SK Raina, MS Dhoni, YK Pathan, Z Khan, P Kumar, PP Ojha, I Sharma"
386532,2009-02-03,2009,ODI,India,Sri Lanka,India in Sri Lanka ODI Series,,R Premadasa Stadium,Colombo,Won,India,147.0,runs,Yuvraj Singh,"V Sehwag, SR Tendulkar, G Gambhir, Yuvraj Singh, MS Dhoni, SK Raina, YK Pathan, P Kumar, Z Khan, PP Ojha, I Sharma"
386533,2009-02-05,2009,ODI,India,Sri Lanka,India in Sri Lanka ODI Series,,R Premadasa Stadium,Colombo,Won,India,67.0,runs,G Gambhir,"V Sehwag, G Gambhir, MS Dhoni, Yuvraj Singh, YK Pathan, SK Raina, RG Sharma, IK Pathan, P Kumar, PP Ojha, I Sharma"
386534,2009-02-08,2009,ODI,India,Sri Lanka,India in Sri Lanka ODI Series,,R Premadasa Stadium,Colombo,Lost,Sri Lanka,68.0,runs,KC Sangakkara,"G Gambhir, V Sehwag, SK Raina, Yuvraj Singh, RG Sharma, MS Dhoni, YK Pathan, RA Jadeja, IK Pathan, L Balaji, I Sharma"
386535,2009-02-10,2009,T20I,India,Sri Lanka,,,R Premadasa Stadium,Colombo,Won,India,3.0,wickets,YK Pathan,"G Gambhir, V Sehwag, SK Raina, Yuvraj Singh, MS Dhoni, RG Sharma, RA Jadeja, YK Pathan, IK Pathan, I Sharma, Z Khan"
386494,2009-02-25,2009,T20I,India,New Zealand,India in New Zealand T20I Series,,AMI Stadium,Christchurch,Lost,New Zealand,7.0,wickets,BB McCullum,"G Gambhir, V Sehwag, SK Raina, RG Sharma, Yuvraj Singh, MS Dhoni, YK Pathan, IK Pathan, Harbhajan Singh, Z Khan, I Sharma"
366622,2009-02-27,2009,T20I,India,New Zealand,India in New Zealand T20I Series,,Westpac Stadium,Wellington,Lost,New Zealand,5.0,wickets,BB McCullum,"G Gambhir, V Sehwag, SK Raina, Yuvraj Singh, MS Dhoni, YK Pathan, RA Jadeja, IK Pathan, Harbhajan Singh, Z Khan, I Sharma"
366623,2009-03-03,2009,ODI,India,New Zealand,India in New Zealand ODI Series,,McLean Park,Napier,Won,India,53.0,runs,MS Dhoni,"V Sehwag, SR Tendulkar, MS Dhoni, Yuvraj Singh, SK Raina, YK Pathan, G Gambhir, P Kumar, Harbhajan Singh, Z Khan, MM Patel"
366626,2009-03-06,2009,ODI,India,New Zealand,India in New Zealand ODI Series,,Westpac Stadium,Wellington,No Result,,,,,"V Sehwag, SR Tendulkar, G Gambhir, Yuvraj Singh, MS Dhoni, SK Raina, YK Pathan, P Kumar, Harbhajan Singh, Z Khan, MM Patel"
366627,2009-03-08,2009,ODI,India,New Zealand,India in New Zealand ODI Series,,AMI Stadium,Christchurch,Won,India,58.0,runs,SR Tendulkar,"V Sehwag, SR Tendulkar, G Gambhir, Yuvraj Singh, MS Dhoni, SK Raina, YK Pathan, P Kumar, Harbhajan Singh, Z Khan, MM Patel"
366624,2009-03-11,2009,ODI,India,New Zealand,India in New Zealand ODI Series,,Seddon Park,Hamilton,Won,India,84.0,runs,V Sehwag,"G Gambhir, V Sehwag, SK Raina, Yuvraj Singh, MS Dhoni, RG Sharma, YK Pathan, P Kumar, Harbhajan Singh, Z Khan, I Sharma"
366625,2009-03-14,2009,ODI,India,New Zealand,India in New Zealand ODI Series,,Eden Park,Auckland,Lost,New Zealand,8.0,wickets,JD Ryder,"G Gambhir, V Sehwag, SK Raina, RG Sharma, Yuvraj Singh, MS Dhoni, YK Pathan, Harbhajan Singh, Z Khan, P Kumar, I Sharma"
366628,2009-03-18,2009,Test,India,New Zealand,India in New Zealand Test Series,,Seddon Park,Hamilton,Won,India,10.0,wickets,SR Tendulkar,"G Gambhir, V Sehwag, R Dravid, SR Tendulkar, VVS Laxman, Yuvraj Singh, MS Dhoni, Harbhajan Singh, Z Khan, I Sharma, MM Patel"
386496,2009-03-26,2009,Test,India,New Zealand,India in New Zealand Test Series,,McLean Park,Napier,Draw,,,,JD Ryder,"G Gambhir, V Sehwag, R Dravid, I Sharma, SR Tendulkar, VVS Laxman, Yuvraj Singh, KD Karthik, Harbhajan Singh, Z Khan, MM Patel"
366629,2009-04-03,2009,Test,India,New Zealand,India in New Zealand Test Series,,Basin Reserve,Wellington,Draw,,,,G Gambhir,"G Gambhir, V Sehwag, R Dravid, SR Tendulkar, VVS Laxman, Yuvraj Singh, MS Dhoni, Harbhajan Singh, Z Khan, I Sharma, MM Patel"
355994,2009-06-06,2009,T20I,India,Bangladesh,ICC World Twenty20,,Trent Bridge,Nottingham,Won,India,25.0,runs,PP Ojha,"G Gambhir, RG Sharma, MS Dhoni, Yuvraj Singh, SK Raina, YK Pathan, IK Pathan, Harbhajan Singh, Z Khan, I Sharma, PP Ojha"
356001,2009-06-10,2009,T20I,India,Ireland,ICC World Twenty20,,Trent Bridge,Nottingham,Won,India,8.0,wickets,Z Khan,"G Gambhir, RG Sharma, MS Dhoni, Yuvraj Singh, SK Raina, YK Pathan, IK Pathan, Harbhajan Singh, Z Khan, I Sharma, PP Ojha"
356006,2009-06-12,2009,T20I,India,West Indies,ICC World Twenty20,,Lord's,London,Lost,West Indies,7.0,wickets,DJ Bravo,"G Gambhir, RG Sharma, SK Raina, Yuvraj Singh, MS Dhoni, YK Pathan, IK Pathan, Harbhajan Singh, Z Khan, I Sharma, PP Ojha"
356010,2009-06-14,2009,T20I,India,England,ICC World Twenty20,,Lord's,London,Lost,England,3.0,runs,RJ Sidebottom,"G Gambhir, RG Sharma, SK Raina, RA Jadeja, Yuvraj Singh, MS Dhoni, YK Pathan, Harbhajan Singh, Z Khan, RP Singh, I Sharma"
356014,2009-06-16,2009,T20I,India,South Africa,ICC World Twenty20,,Trent Bridge,Nottingham,Lost,South Africa,12.0,runs,AB de Villiers,"G Gambhir, RG Sharma, SK Raina, Yuvraj Singh, MS Dhoni, YK Pathan, Harbhajan Singh, RA Jadeja, Z Khan, RP Singh, I Sharma"
377313,2009-06-26,2009,ODI,India,West Indies,India in West Indies ODI Series,,"Sabina Park, Kingston",Jamaica,Won,India,20.0,runs,Yuvraj Singh,"KD Karthik, G Gambhir, RG Sharma, Yuvraj Singh, MS Dhoni, RA Jadeja, YK Pathan, Harbhajan Singh, I Sharma, RP Singh, A Nehra"
377314,2009-06-28,2009,ODI,India,West Indies,India in West Indies ODI Series,,"Sabina Park, Kingston",Jamaica,Lost,West Indies,8.0,wickets,R Rampaul,"KD Karthik, G Gambhir, RG Sharma, Yuvraj Singh, MS Dhoni, YK Pathan, RA Jadeja, Harbhajan Singh, P Kumar, RP Singh, A Nehra"
377315,2009-07-03,2009,ODI,India,West Indies,India in West Indies ODI Series,,"Beausejour Stadium, Gros Islet",St Lucia,Won,India,6.0,wickets,MS Dhoni,"KD Karthik, G Gambhir, MS Dhoni, Yuvraj Singh, RG Sharma, YK Pathan, AM Nayar, Harbhajan Singh, RP Singh, A Nehra, I Sharma"
377316,2009-07-05,2009,ODI,India,West Indies,India in West Indies ODI Series,,"Beausejour Stadium, Gros Islet",St Lucia,No Result,,,,,"G Gambhir, KD Karthik, MS Dhoni, Yuvraj Singh, RG Sharma, AM Nayar, YK Pathan, Harbhajan Singh, RP Singh, A Nehra, I Sharma"
403382,2009-09-11,2009,ODI,India,New Zealand,Compaq Cup,,R Premadasa Stadium,Colombo,Won,India,6.0,wickets,A Nehra,"KD Karthik, SR Tendulkar, R Dravid, Yuvraj Singh, MS Dhoni, SK Raina, YK Pathan, Harbhajan Singh, RP Singh, A Nehra, I Sharma"
403381,2009-09-12,2009,ODI,India,Sri Lanka,Compaq Cup,,R Premadasa Stadium,Colombo,Lost,Sri Lanka,139.0,runs,AD Mathews,"KD Karthik, SR Tendulkar, R Dravid, Yuvraj Singh, SK Raina, MS Dhoni, YK Pathan, Harbhajan Singh, RP Singh, A Nehra, I Sharma"
403383,2009-09-14,2009,ODI,India,Sri Lanka,Compaq Cup,Final,R Premadasa Stadium,Colombo,Won,India,46.0,runs,SR Tendulkar,"R Dravid, SR Tendulkar, MS Dhoni, Yuvraj Singh, YK Pathan, SK Raina, V Kohli, Harbhajan Singh, RP Singh, A Nehra, I Sharma"
415278,2009-09-26,2009,ODI,India,Pakistan,ICC Champions Trophy,,SuperSport Park,Centurion,Lost,Pakistan,54.0,runs,Shoaib Malik,"G Gambhir, SR Tendulkar, R Dravid, V Kohli, MS Dhoni, SK Raina, YK Pathan, Harbhajan Singh, RP Singh, I Sharma, A Nehra"
415281,2009-09-28,2009,ODI,India,Australia,ICC Champions Trophy,,SuperSport Park,Centurion,No Result,,,,,"G Gambhir, SR Tendulkar, R Dravid, SK Raina, MS Dhoni, V Kohli, A Mishra, Harbhajan Singh, A Nehra, I Sharma, P Kumar"
415284,2009-09-30,2009,ODI,India,West Indies,ICC Champions Trophy,,New Wanderers Stadium,Johannesburg,Won,India,7.0,wickets,V Kohli,"KD Karthik, G Gambhir, R Dravid, V Kohli, AM Nayar, SK Raina, MS Dhoni, A Mishra, Harbhajan Singh, A Nehra, P Kumar"
416236,2009-10-25,2009,ODI,India,Australia,Australia in India ODI Series,,Reliance Stadium,Vadodara,Lost,Australia,4.0,runs,MEK Hussey,"V Sehwag, SR Tendulkar, G Gambhir, V Kohli, MS Dhoni, SK Raina, RA Jadeja, Harbhajan Singh, P Kumar, A Nehra, I Sharma"
416237,2009-10-28,2009,ODI,India,Australia,Australia in India ODI Series,,"Vidarbha Cricket Association Stadium, Jamtha",Nagpur,Won,India,99.0,runs,MS Dhoni,"V Sehwag, SR Tendulkar, G Gambhir, Yuvraj Singh, MS Dhoni, SK Raina, Harbhajan Singh, P Kumar, RA Jadeja, A Nehra, I Sharma"
416238,2009-10-31,2009,ODI,India,Australia,Australia in India ODI Series,,Feroz Shah Kotla,Delhi,Won,India,6.0,wickets,Yuvraj Singh,"V Sehwag, SR Tendulkar, G Gambhir, Yuvraj Singh, MS Dhoni, SK Raina, RA Jadeja, Harbhajan Singh, A Nehra, P Kumar, I Sharma"
416239,2009-11-02,2009,ODI,India,Australia,Australia in India ODI Series,,"Punjab Cricket Association Stadium, Mohali",Chandigarh,Lost,Australia,24.0,runs,SR Watson,"V Sehwag, SR Tendulkar, V Kohli, Yuvraj Singh, MS Dhoni, SK Raina, RA Jadeja, Harbhajan Singh, P Kumar, A Nehra, I Sharma"
416240,2009-11-05,2009,ODI,India,Australia,Australia in India ODI Series,,"Rajiv Gandhi International Stadium, Uppal",Hyderabad,Lost,Australia,3.0,runs,SR Tendulkar,"V Sehwag, SR Tendulkar, G Gambhir, Yuvraj Singh, MS Dhoni, SK Raina, Harbhajan Singh, RA Jadeja, P Kumar, A Nehra, MM Patel"
416241,2009-11-08,2009,ODI,India,Australia,Australia in India ODI Series,,Nehru Stadium,Guwahati,Lost,Australia,6.0,wickets,DE Bollinger,"V Sehwag, SR Tendulkar, G Gambhir, Yuvraj Singh, MS Dhoni, SK Raina, RA Jadeja, Harbhajan Singh, P Kumar, A Nehra, MM Patel"
430881,2009-11-16,2009,Test,India,Sri Lanka,Sri Lanka in India Test Series,,"Sardar Patel Stadium, Motera",Ahmedabad,Draw,,,,DPMD Jayawardene,"G Gambhir, V Sehwag, R Dravid, SR Tendulkar, VVS Laxman, Yuvraj Singh, MS Dhoni, Harbhajan Singh, Z Khan, A Mishra, I Sharma"
430882,2009-11-24,2009,Test,India,Sri Lanka,Sri Lanka in India Test Series,,Green Park,Kanpur,Won,India,144.0,runs,S Sreesanth,"G Gambhir, V Sehwag, R Dravid, SR Tendulkar, VVS Laxman, Yuvraj Singh, MS Dhoni, Harbhajan Singh, Z Khan, S Sreesanth, PP Ojha"
430883,2009-12-02,2009,Test,India,Sri Lanka,Sri Lanka in India Test Series,,Brabourne Stadium,Mumbai,Won,India,24.0,runs,V Sehwag,"M Vijay, V Sehwag, R Dravid, SR Tendulkar, VVS Laxman, Yuvraj Singh, MS Dhoni, Harbhajan Singh, Z Khan, S Sreesanth, PP Ojha"
430884,2009-12-09,2009,T20I,India,Sri Lanka,Sri Lanka in India T20I Series,,"Vidarbha Cricket Association Stadium, Jamtha",Nagpur,Lost,Sri Lanka,29.0,runs,KC Sangakkara,"G Gambhir, V Sehwag, MS Dhoni, Yuvraj Singh, RG Sharma, SK Raina, YK Pathan, AB Dinda, A Nehra, PP Ojha, I Sharma"
430885,2009-12-12,2009,T20I,India,Sri Lanka,Sri Lanka in India T20I Series,,"Punjab Cricket Association Stadium, Mohali",Chandigarh,Won,India,6.0,wickets,Yuvraj Singh,"G Gambhir, V Sehwag, MS Dhoni, Yuvraj Singh, SK Raina, KD Karthik, YK Pathan, RA Jadeja, A Nehra, I Sharma, S Tyagi"
430886,2009-12-15,2009,ODI,India,Sri Lanka,Sri Lanka in India ODI Series,,Madhavrao Scindia Cricket Ground,Rajkot,Won,India,3.0,runs,V Sehwag,"V Sehwag, SR Tendulkar, MS Dhoni, SK Raina, G Gambhir, Harbhajan Singh, V Kohli, RA Jadeja, P Kumar, Z Khan, A Nehra"
430887,2009-12-18,2009,ODI,India,Sri Lanka,Sri Lanka in India ODI Series,,"Vidarbha Cricket Association Stadium, Jamtha",Nagpur,Lost,Sri Lanka,3.0,wickets,TM Dilshan,"V Sehwag, SR Tendulkar, G Gambhir, V Kohli, MS Dhoni, SK Raina, RA Jadeja, Harbhajan Singh, P Kumar, Z Khan, A Nehra"
430888,2009-12-21,2009,ODI,India,Sri Lanka,Sri Lanka in India ODI Series,,Barabati Stadium,Cuttack,Won,India,7.0,wickets,RA Jadeja,"V Sehwag, SR Tendulkar, G Gambhir, Yuvraj Singh, KD Karthik, SK Raina, RA Jadeja, Harbhajan Singh, Z Khan, A Nehra, I Sharma"
430889,2009-12-24,2009,ODI,India,Sri Lanka,Sri Lanka in India ODI Series,,Eden Gardens,Kolkata,Won,India,7.0,wickets,G Gambhir,"V Sehwag, SR Tendulkar, G Gambhir, V Kohli, KD Karthik, SK Raina, RA Jadeja, Harbhajan Singh, Z Khan, A Nehra, I Sharma"
430890,2009-12-27,2009,ODI,India,Sri Lanka,Sri Lanka in India ODI Series,,Feroz Shah Kotla,Delhi,No Result,,,,,"V Sehwag, G Gambhir, KD Karthik, V Kohli, MS Dhoni, SK Raina, RA Jadeja, Harbhajan Singh, Z Khan, A Nehra, S Tyagi"
434259,2010-01-05,2010,ODI,India,Sri Lanka,Tri-Nation Tournament in Bangladesh,,Shere Bangla National Stadium,Mirpur,Lost,Sri Lanka,5.0,wickets,TT Samaraweera,"G Gambhir, V Sehwag, V Kohli, Yuvraj Singh, MS Dhoni, SK Raina, RA Jadeja, Harbhajan Singh, Z Khan, A Nehra, S Sreesanth"
434260,2010-01-07,2010,ODI,India,Bangladesh,Tri-Nation Tournament in Bangladesh,,Shere Bangla National Stadium,Mirpur,Won,India,6.0,wickets,MS Dhoni,"G Gambhir, V Sehwag, V Kohli, Yuvraj Singh, MS Dhoni, SK Raina, RA Jadeja, Harbhajan Singh, Z Khan, A Nehra, S Sreesanth"
434262,2010-01-10,2010,ODI,India,Sri Lanka,Tri-Nation Tournament in Bangladesh,,Shere Bangla National Stadium,Mirpur,Won,India,8.0,wickets,Z Khan,"KD Karthik, G Gambhir, V Kohli, Yuvraj Singh, MS Dhoni, SK Raina, A Mishra, RA Jadeja, Z Khan, S Sreesanth, S Tyagi"
434263,2010-01-11,2010,ODI,India,Bangladesh,Tri-Nation Tournament in Bangladesh,,Shere Bangla National Stadium,Mirpur,Won,India,6.0,wickets,V Kohli,"KD Karthik, G Gambhir, V Kohli, Yuvraj Singh, MS Dhoni, SK Raina, A Mishra, RA Jadeja, S Sreesanth, S Tyagi, A Nehra"
434264,2010-01-13,2010,ODI,India,Sri Lanka,Tri-Nation Tournament in Bangladesh,Final,Shere Bangla National Stadium,Mirpur,Lost,Sri Lanka,4.0,wickets,KMDN Kulasekara,"V Sehwag, G Gambhir, V Kohli, Yuvraj Singh, MS Dhoni, SK Raina, RA Jadeja, Harbhajan Singh, Z Khan, A Nehra, S Sreesanth"
434256,2010-01-17,2010,Test,India,Bangladesh,India in Bangladesh Test Series,,Zahur Ahmed Chowdhury Stadium,Chittagong,Won,India,113.0,runs,SR Tendulkar,"G Gambhir, V Sehwag, R Dravid, SR Tendulkar, VVS Laxman, Yuvraj Singh, KD Karthik, A Mishra, Z Khan, I Sharma, S Sreesanth"
434257,2010-01-24,2010,Test,India,Bangladesh,India in Bangladesh Test Series,,Shere Bangla National Stadium,Mirpur,Won,India,10.0,wickets,Z Khan,"G Gambhir, V Sehwag, R Dravid, SR Tendulkar, M Vijay, MS Dhoni, Harbhajan Singh, Z Khan, I Sharma, PP Ojha, Yuvraj Singh"
441825,2010-02-06,2010,Test,India,South Africa,South Africa in India Test Series,,"Vidarbha Cricket Association Stadium, Jamtha",Nagpur,Lost,South Africa,6.0,runs,HM Amla,"G Gambhir, V Sehwag, M Vijay, SR Tendulkar, S Badrinath, MS Dhoni, WP Saha, Harbhajan Singh, Z Khan, A Mishra, I Sharma"
441826,2010-02-14,2010,Test,India,South Africa,South Africa in India Test Series,,Eden Gardens,Kolkata,Won,India,57.0,runs,HM Amla,"G Gambhir, V Sehwag, M Vijay, SR Tendulkar, VVS Laxman, S Badrinath, A Mishra, MS Dhoni, Harbhajan Singh, Z Khan, I Sharma"
441827,2010-02-21,2010,ODI,India,South Africa,South Africa in India ODI Series,,Sawai Mansingh Stadium,Jaipur,Won,India,1.0,runs,RA Jadeja,"V Sehwag, SR Tendulkar, KD Karthik, MS Dhoni, V Kohli, SK Raina, YK Pathan, RA Jadeja, P Kumar, A Nehra, S Sreesanth"
441828,2010-02-24,2010,ODI,India,South Africa,South Africa in India ODI Series,,Captain Roop Singh Stadium,Gwalior,Won,India,153.0,runs,SR Tendulkar,"V Sehwag, SR Tendulkar, KD Karthik, YK Pathan, MS Dhoni, V Kohli, SK Raina, RA Jadeja, P Kumar, A Nehra, S Sreesanth"
441829,2010-02-27,2010,ODI,India,South Africa,South Africa in India ODI Series,,"Sardar Patel Stadium, Motera",Ahmedabad,Lost,South Africa,90.0,runs,AB de Villiers,"KD Karthik, M Vijay, V Kohli, RG Sharma, MS Dhoni, SK Raina, YK Pathan, RA Jadeja, S Sreesanth, A Mithun, S Tyagi"
412682,2010-05-02,2010,T20I,India,South Africa,ICC World Twenty20,,"Beausejour Stadium, Gros Islet",St Lucia,Won,India,14.0,runs,SK Raina,"KD Karthik, M Vijay, SK Raina, Yuvraj Singh, YK Pathan, MS Dhoni, Harbhajan Singh, RA Jadeja, PP Chawla, P Kumar, A Nehra"
412691,2010-05-07,2010,T20I,India,Australia,ICC World Twenty20,,"Kensington Oval, Bridgetown",Barbados,Lost,Australia,49.0,runs,DA Warner,"M Vijay, G Gambhir, SK Raina, RG Sharma, Yuvraj Singh, MS Dhoni, YK Pathan, RA Jadeja, Harbhajan Singh, Z Khan, A Nehra"
412695,2010-05-09,2010,T20I,India,West Indies,ICC World Twenty20,,"Kensington Oval, Bridgetown",Barbados,Lost,West Indies,14.0,runs,CH Gayle,"M Vijay, G Gambhir, SK Raina, RG Sharma, Yuvraj Singh, MS Dhoni, YK Pathan, Harbhajan Singh, RA Jadeja, A Nehra, Z Khan"
412699,2010-05-11,2010,T20I,India,Sri Lanka,ICC World Twenty20,,"Beausejour Stadium, Gros Islet",St Lucia,Lost,Sri Lanka,5.0,wickets,AD Mathews,"KD Karthik, G Gambhir, SK Raina, MS Dhoni, Yuvraj Singh, YK Pathan, RG Sharma, PP Chawla, Harbhajan Singh, R Vinay Kumar, A Nehra"
452146,2010-05-28,2010,ODI,India,Zimbabwe,Zimbabwe Triangular Series,,Queens Sports Club,Bulawayo,Lost,Zimbabwe,6.0,wickets,BRM Taylor,"KD Karthik, M Vijay, V Kohli, RG Sharma, SK Raina, RA Jadeja, YK Pathan, A Mishra, AB Dinda, R Vinay Kumar, UT Yadav"
452147,2010-05-30,2010,ODI,India,Sri Lanka,Zimbabwe Triangular Series,,Queens Sports Club,Bulawayo,Won,India,7.0,wickets,RG Sharma,"KD Karthik, M Vijay, V Kohli, RG Sharma, SK Raina, YK Pathan, RA Jadeja, A Mishra, AB Dinda, PP Ojha, UT Yadav"
452149,2010-06-03,2010,ODI,India,Zimbabwe,Zimbabwe Triangular Series,,Harare Sports Club,,Lost,Zimbabwe,7.0,wickets,BRM Taylor,"KD Karthik, M Vijay, V Kohli, RG Sharma, SK Raina, RA Jadeja, YK Pathan, A Mishra, AB Dinda, PP Ojha, UT Yadav"
452150,2010-06-05,2010,ODI,India,Sri Lanka,Zimbabwe Triangular Series,,Harare Sports Club,,Lost,Sri Lanka,6.0,wickets,LD Chandimal,"KD Karthik, NV Ojha, V Kohli, YK Pathan, RG Sharma, SK Raina, RA Jadeja, R Ashwin, Pankaj Singh, AB Dinda, PP Ojha"
452153,2010-06-12,2010,T20I,India,Zimbabwe,India in Zimbabwe T20I Series,,Harare Sports Club,,Won,India,6.0,wickets,YK Pathan,"M Vijay, NV Ojha, SK Raina, RG Sharma, V Kohli, YK Pathan, R Ashwin, AB Dinda, PP Chawla, PP Ojha, R Vinay Kumar"
452154,2010-06-13,2010,T20I,India,Zimbabwe,India in Zimbabwe T20I Series,,Harare Sports Club,,Won,India,7.0,wickets,SK Raina,"NV Ojha, M Vijay, SK Raina, YK Pathan, RG Sharma, V Kohli, R Ashwin, AB Dinda, A Mishra, PP Ojha, R Vinay Kumar"
455232,2010-06-16,2010,ODI,India,Bangladesh,Asia Cup,,Rangiri Dambulla International Stadium,,Won,India,6.0,wickets,G Gambhir,"G Gambhir, V Sehwag, V Kohli, RG Sharma, MS Dhoni, SK Raina, RA Jadeja, Harbhajan Singh, P Kumar, Z Khan, A Nehra"
455234,2010-06-19,2010,ODI,India,Pakistan,Asia Cup,,Rangiri Dambulla International Stadium,,Won,India,3.0,wickets,G Gambhir,"G Gambhir, V Sehwag, V Kohli, MS Dhoni, RG Sharma, SK Raina, RA Jadeja, Harbhajan Singh, P Kumar, Z Khan, A Nehra"
455236,2010-06-22,2010,ODI,India,Sri Lanka,Asia Cup,,Rangiri Dambulla International Stadium,,Lost,Sri Lanka,7.0,wickets,MF Maharoof,"G Gambhir, KD Karthik, V Kohli, RG Sharma, SK Raina, MS Dhoni, RA Jadeja, P Kumar, Z Khan, AB Dinda, PP Ojha"
455237,2010-06-24,2010,ODI,India,Sri Lanka,Asia Cup,Final,Rangiri Dambulla International Stadium,,Won,India,81.0,runs,KD Karthik,"G Gambhir, KD Karthik, V Kohli, MS Dhoni, RG Sharma, SK Raina, RA Jadeja, Harbhajan Singh, P Kumar, Z Khan, A Nehra"
456669,2010-07-18,2010,Test,India,Sri Lanka,India in Sri Lanka Test Series,,Galle International Stadium,,Lost,Sri Lanka,10.0,wickets,SL Malinga,"G Gambhir, V Sehwag, R Dravid, SR Tendulkar, VVS Laxman, Yuvraj Singh, MS Dhoni, Harbhajan Singh, I Sharma, PP Ojha, A Mithun"
456670,2010-07-26,2010,Test,India,Sri Lanka,India in Sri Lanka Test Series,,Sinhalese Sports Club Ground,Colombo,Draw,,,,KC Sangakkara,"M Vijay, V Sehwag, R Dravid, SR Tendulkar, VVS Laxman, SK Raina, MS Dhoni, Harbhajan Singh, A Mithun, I Sharma, PP Ojha"
456671,2010-08-03,2010,Test,India,Sri Lanka,India in Sri Lanka Test Series,,P Sara Oval,Colombo,Won,India,5.0,wickets,VVS Laxman,"M Vijay, V Sehwag, R Dravid, SR Tendulkar, VVS Laxman, SK Raina, MS Dhoni, A Mithun, A Mishra, I Sharma, PP Ojha"
456662,2010-08-10,2010,ODI,India,New Zealand,Sri Lanka Triangular Series,,Rangiri Dambulla International Stadium,,Lost,New Zealand,200.0,runs,LRPL Taylor,"KD Karthik, V Sehwag, RG Sharma, Yuvraj Singh, SK Raina, MS Dhoni, RA Jadeja, P Kumar, A Mithun, A Nehra, PP Ojha"
456663,2010-08-16,2010,ODI,India,Sri Lanka,Sri Lanka Triangular Series,,Rangiri Dambulla International Stadium,,Won,India,6.0,wickets,V Sehwag,"KD Karthik, V Sehwag, V Kohli, RG Sharma, SK Raina, MS Dhoni, RA Jadeja, P Kumar, I Sharma, A Nehra, PP Ojha"
456666,2010-08-22,2010,ODI,India,Sri Lanka,Sri Lanka Triangular Series,,Rangiri Dambulla International Stadium,,Lost,Sri Lanka,8.0,wickets,NLTC Perera,"KD Karthik, V Sehwag, RG Sharma, Yuvraj Singh, SK Raina, MS Dhoni, RA Jadeja, P Kumar, A Nehra, I Sharma, PP Ojha"
456665,2010-08-25,2010,ODI,India,New Zealand,Sri Lanka Triangular Series,,Rangiri Dambulla International Stadium,,Won,India,105.0,runs,V Sehwag,"KD Karthik, V Sehwag, V Kohli, Yuvraj Singh, SK Raina, MS Dhoni, RA Jadeja, P Kumar, A Nehra, I Sharma, MM Patel"
456668,2010-08-28,2010,ODI,India,Sri Lanka,Sri Lanka Triangular Series,Final,Rangiri Dambulla International Stadium,,Lost,Sri Lanka,74.0,runs,TM Dilshan,"V Sehwag, KD Karthik, V Kohli, Yuvraj Singh, MS Dhoni, SK Raina, RG Sharma, P Kumar, I Sharma, A Nehra, MM Patel"
464526,2010-10-01,2010,Test,India,Australia,Border-Gavaskar Trophy,,"Punjab Cricket Association Stadium, Mohali",Chandigarh,Won,India,1.0,wickets,Z Khan,"G Gambhir, V Sehwag, R Dravid, I Sharma, SR Tendulkar, SK Raina, MS Dhoni, Harbhajan Singh, Z Khan, VVS Laxman, PP Ojha"
464527,2010-10-09,2010,Test,India,Australia,Border-Gavaskar Trophy,,M Chinnaswamy Stadium,Bangalore,Won,India,7.0,wickets,SR Tendulkar,"M Vijay, V Sehwag, R Dravid, SR Tendulkar, CA Pujara, SK Raina, MS Dhoni, Harbhajan Singh, Z Khan, PP Ojha, S Sreesanth"
464529,2010-10-20,2010,ODI,India,Australia,Australia in India ODI Series,,Dr. Y.S. Rajasekhara Reddy ACA-VDCA Cricket Stadium,Visakhapatnam,Won,India,5.0,wickets,V Kohli,"S Dhawan, M Vijay, V Kohli, Yuvraj Singh, SK Raina, MS Dhoni, SS Tiwary, R Ashwin, P Kumar, R Vinay Kumar, A Nehra"
464531,2010-11-04,2010,Test,India,New Zealand,New Zealand in India Test Series,,"Sardar Patel Stadium, Motera",Ahmedabad,Draw,,,,Harbhajan Singh,"G Gambhir, V Sehwag, R Dravid, SR Tendulkar, VVS Laxman, SK Raina, MS Dhoni, Harbhajan Singh, Z Khan, PP Ojha, S Sreesanth"
464532,2010-11-12,2010,Test,India,New Zealand,New Zealand in India Test Series,,"Rajiv Gandhi International Stadium, Uppal",Hyderabad,Draw,,,,BB McCullum,"G Gambhir, V Sehwag, R Dravid, SR Tendulkar, VVS Laxman, SK Raina, MS Dhoni, Harbhajan Singh, Z Khan, PP Ojha, S Sreesanth"
464533,2010-11-20,2010,Test,India,New Zealand,New Zealand in India Test Series,,"Vidarbha Cricket Association Stadium, Jamtha",Nagpur,Won,India,198.0,runs,R Dravid,"G Gambhir, V Sehwag, R Dravid, SR Tendulkar, VVS Laxman, SK Raina, MS Dhoni, Harbhajan Singh, I Sharma, S Sreesanth, PP Ojha"
467883,2010-11-28,2010,ODI,India,New Zealand,New Zealand in India ODI Series,,Nehru Stadium,Guwahati,Won,India,40.0,runs,V Kohli,"M Vijay, G Gambhir, V Kohli, Yuvraj Singh, SK Raina, YK Pathan, WP Saha, R Ashwin, A Nehra, S Sreesanth, MM Patel"
467884,2010-12-01,2010,ODI,India,New Zealand,New Zealand in India ODI Series,,Sawai Mansingh Stadium,Jaipur,Won,India,8.0,wickets,G Gambhir,"M Vijay, G Gambhir, V Kohli, Yuvraj Singh, SK Raina, YK Pathan, WP Saha, R Ashwin, A Nehra, S Sreesanth, MM Patel"
467885,2010-12-04,2010,ODI,India,New Zealand,New Zealand in India ODI Series,,Reliance Stadium,Vadodara,Won,India,9.0,wickets,G Gambhir,"M Vijay, G Gambhir, V Kohli, Yuvraj Singh, YK Pathan, RA Jadeja, WP Saha, R Ashwin, A Nehra, MM Patel, Z Khan"
467886,2010-12-07,2010,ODI,India,New Zealand,New Zealand in India ODI Series,,M Chinnaswamy Stadium,Bangalore,Won,India,5.0,wickets,YK Pathan,"G Gambhir, PA Patel, V Kohli, Yuvraj Singh, RG Sharma, YK Pathan, SS Tiwary, R Ashwin, P Kumar, Z Khan, A Nehra"
467887,2010-12-10,2010,ODI,India,New Zealand,New Zealand in India ODI Series,,"MA Chidambaram Stadium, Chepauk",Chennai,Won,India,8.0,wickets,Yuvraj Singh,"G Gambhir, PA Patel, V Kohli, Yuvraj Singh, RG Sharma, YK Pathan, SS Tiwary, R Ashwin, P Kumar, A Nehra, MM Patel"
463146,2010-12-16,2010,Test,India,South Africa,India in South Africa Test Series,,SuperSport Park,Centurion,Lost,South Africa,25.0,runs,JH Kallis,"G Gambhir, V Sehwag, R Dravid, SR Tendulkar, VVS Laxman, SK Raina, MS Dhoni, Harbhajan Singh, I Sharma, S Sreesanth, JD Unadkat"
463147,2010-12-26,2010,Test,India,South Africa,India in South Africa Test Series,,Kingsmead,Durban,Won,India,87.0,runs,VVS Laxman,"V Sehwag, M Vijay, R Dravid, SR Tendulkar, VVS Laxman, CA Pujara, MS Dhoni, Harbhajan Singh, Z Khan, I Sharma, S Sreesanth"
463148,2011-01-02,2011,Test,India,South Africa,India in South Africa Test Series,,Newlands,Cape Town,Draw,,,,JH Kallis,"G Gambhir, V Sehwag, R Dravid, SR Tendulkar, VVS Laxman, CA Pujara, MS Dhoni, Harbhajan Singh, Z Khan, I Sharma, S Sreesanth"
463149,2011-01-09,2011,T20I,India,South Africa,,,Moses Mabhida Stadium,Durban,Won,India,21.0,runs,RG Sharma,"V Kohli, M Vijay, RG Sharma, Yuvraj Singh, YK Pathan, SK Raina, MS Dhoni, R Ashwin, P Kumar, A Nehra, MM Patel"
463150,2011-01-12,2011,ODI,India,South Africa,India in South Africa ODI Series,,Kingsmead,Durban,Lost,South Africa,135.0,runs,LL Tsotsobe,"M Vijay, SR Tendulkar, V Kohli, RG Sharma, Yuvraj Singh, MS Dhoni, SK Raina, Harbhajan Singh, Z Khan, A Nehra, MM Patel"
463151,2011-01-15,2011,ODI,India,South Africa,India in South Africa ODI Series,,New Wanderers Stadium,Johannesburg,Won,India,1.0,runs,MM Patel,"M Vijay, SR Tendulkar, V Kohli, Yuvraj Singh, MS Dhoni, SK Raina, RG Sharma, Harbhajan Singh, Z Khan, A Nehra, MM Patel"
463152,2011-01-18,2011,ODI,India,South Africa,India in South Africa ODI Series,,Newlands,Cape Town,Won,India,2.0,wickets,YK Pathan,"RG Sharma, M Vijay, V Kohli, Yuvraj Singh, MS Dhoni, SK Raina, YK Pathan, Harbhajan Singh, Z Khan, A Nehra, MM Patel"
463153,2011-01-21,2011,ODI,India,South Africa,India in South Africa ODI Series,,St George's Park,Port Elizabeth,Lost,South Africa,48.0,runs,JP Duminy,"RG Sharma, PA Patel, V Kohli, Yuvraj Singh, SK Raina, MS Dhoni, YK Pathan, Harbhajan Singh, MM Patel, Z Khan, A Nehra"
463154,2011-01-23,2011,ODI,India,South Africa,India in South Africa ODI Series,,SuperSport Park,Centurion,Lost,South Africa,33.0,runs,HM Amla,"PA Patel, RG Sharma, V Kohli, MS Dhoni, Yuvraj Singh, SK Raina, YK Pathan, Harbhajan Singh, PP Chawla, Z Khan, MM Patel"
433558,2011-02-19,2011,ODI,India,Bangladesh,ICC Cricket World Cup,,Shere Bangla National Stadium,Mirpur,Won,India,87.0,runs,V Sehwag,"V Sehwag, SR Tendulkar, G Gambhir, V Kohli, YK Pathan, Yuvraj Singh, MS Dhoni, Harbhajan Singh, Z Khan, S Sreesanth, MM Patel"
433568,2011-02-27,2011,ODI,India,England,ICC Cricket World Cup,,M Chinnaswamy Stadium,Bangalore,Tie,,,,AJ Strauss,"V Sehwag, SR Tendulkar, G Gambhir, Yuvraj Singh, MS Dhoni, YK Pathan, V Kohli, Harbhajan Singh, Z Khan, PP Chawla, MM Patel"
433578,2011-03-06,2011,ODI,India,Ireland,ICC Cricket World Cup,,M Chinnaswamy Stadium,Bangalore,Won,India,5.0,wickets,Yuvraj Singh,"V Sehwag, SR Tendulkar, G Gambhir, V Kohli, Yuvraj Singh, MS Dhoni, YK Pathan, Harbhajan Singh, PP Chawla, Z Khan, MM Patel"
433582,2011-03-09,2011,ODI,India,Netherlands,ICC Cricket World Cup,,Feroz Shah Kotla,Delhi,Won,India,5.0,wickets,Yuvraj Singh,"V Sehwag, SR Tendulkar, YK Pathan, G Gambhir, V Kohli, Yuvraj Singh, MS Dhoni, Harbhajan Singh, PP Chawla, Z Khan, A Nehra"
433586,2011-03-12,2011,ODI,India,South Africa,ICC Cricket World Cup,,"Vidarbha Cricket Association Stadium, Jamtha",Nagpur,Lost,South Africa,3.0,wickets,DW Steyn,"V Sehwag, SR Tendulkar, G Gambhir, YK Pathan, Yuvraj Singh, MS Dhoni, V Kohli, Harbhajan Singh, Z Khan, A Nehra, MM Patel"
433599,2011-03-20,2011,ODI,India,West Indies,ICC Cricket World Cup,,"MA Chidambaram Stadium, Chepauk",Chennai,Won,India,80.0,runs,Yuvraj Singh,"G Gambhir, SR Tendulkar, V Kohli, Yuvraj Singh, MS Dhoni, SK Raina, YK Pathan, Harbhajan Singh, R Ashwin, Z Khan, MM Patel"
433601,2011-03-24,2011,ODI,India,Australia,ICC Cricket World Cup,Quarter Final,"Sardar Patel Stadium, Motera",Ahmedabad,Won,India,5.0,wickets,Yuvraj Singh,"V Sehwag, SR Tendulkar, G Gambhir, V Kohli, Yuvraj Singh, MS Dhoni, SK Raina, R Ashwin, Harbhajan Singh, Z Khan, MM Patel"
433605,2011-03-30,2011,ODI,India,Pakistan,ICC Cricket World Cup,Semi Final,"Punjab Cricket Association Stadium, Mohali",Chandigarh,Won,India,29.0,runs,SR Tendulkar,"V Sehwag, SR Tendulkar, G Gambhir, V Kohli, Yuvraj Singh, MS Dhoni, SK Raina, Harbhajan Singh, Z Khan, A Nehra, MM Patel"
433606,2011-04-02,2011,ODI,India,Sri Lanka,ICC Cricket World Cup,Final,Wankhede Stadium,Mumbai,Won,India,6.0,wickets,MS Dhoni,"V Sehwag, SR Tendulkar, G Gambhir, V Kohli, MS Dhoni, Yuvraj Singh, SK Raina, Harbhajan Singh, Z Khan, MM Patel, S Sreesanth"
489220,2011-06-04,2011,T20I,India,West Indies,,,"Queen's Park Oval, Port of Spain",Trinidad,Won,India,16.0,runs,S Badrinath,"PA Patel, S Dhawan, V Kohli, S Badrinath, SK Raina, RG Sharma, YK Pathan, Harbhajan Singh, P Kumar, R Ashwin, MM Patel"
489221,2011-06-06,2011,ODI,India,West Indies,India in West Indies ODI Series,,"Queen's Park Oval, Port of Spain",Trinidad,Won,India,4.0,wickets,RG Sharma,"PA Patel, S Dhawan, V Kohli, S Badrinath, RG Sharma, SK Raina, YK Pathan, Harbhajan Singh, P Kumar, MM Patel, A Mishra"
489222,2011-06-08,2011,ODI,India,West Indies,India in West Indies ODI Series,,"Queen's Park Oval, Port of Spain",Trinidad,Won,India,7.0,wickets,V Kohli,"PA Patel, S Dhawan, V Kohli, SK Raina, RG Sharma, S Badrinath, YK Pathan, P Kumar, Harbhajan Singh, MM Patel, A Mishra"
489223,2011-06-11,2011,ODI,India,West Indies,India in West Indies ODI Series,,"Sir Vivian Richards Stadium, North Sound",Antigua,Won,India,3.0,wickets,AD Russell,"PA Patel, S Dhawan, V Kohli, S Badrinath, RG Sharma, SK Raina, YK Pathan, Harbhajan Singh, P Kumar, MM Patel, A Mishra"
489224,2011-06-13,2011,ODI,India,West Indies,India in West Indies ODI Series,,"Sir Vivian Richards Stadium, North Sound",Antigua,Lost,West Indies,103.0,runs,A Martin,"PA Patel, MK Tiwary, V Kohli, S Badrinath, RG Sharma, SK Raina, YK Pathan, R Ashwin, P Kumar, A Mishra, I Sharma"
489225,2011-06-16,2011,ODI,India,West Indies,India in West Indies ODI Series,,"Sabina Park, Kingston",Jamaica,Lost,West Indies,7.0,wickets,AD Russell,"S Dhawan, PA Patel, V Kohli, MK Tiwary, RG Sharma, SK Raina, YK Pathan, R Ashwin, A Mishra, R Vinay Kumar, I Sharma"
489226,2011-06-20,2011,Test,India,West Indies,India in West Indies Test Series,,"Sabina Park, Kingston",Jamaica,Won,India,63.0,runs,R Dravid,"A Mukund, M Vijay, R Dravid, VVS Laxman, V Kohli, SK Raina, MS Dhoni, Harbhajan Singh, P Kumar, A Mishra, I Sharma"
489227,2011-06-28,2011,Test,India,West Indies,India in West Indies Test Series,,"Kensington Oval, Bridgetown",Barbados,Draw,,,,I Sharma,"A Mukund, M Vijay, R Dravid, VVS Laxman, V Kohli, SK Raina, MS Dhoni, Harbhajan Singh, P Kumar, A Mithun, I Sharma"
489228,2011-07-06,2011,Test,India,West Indies,India in West Indies Test Series,,"Windsor Park, Roseau",Dominica,Draw,,,,S Chanderpaul,"A Mukund, M Vijay, R Dravid, VVS Laxman, V Kohli, SK Raina, MS Dhoni, Harbhajan Singh, P Kumar, I Sharma, MM Patel"
474472,2011-07-21,2011,Test,India,England,Pataudi Trophy,,Lord's,London,Lost,England,196.0,runs,KP Pietersen,"A Mukund, G Gambhir, R Dravid, SR Tendulkar, VVS Laxman, SK Raina, MS Dhoni, Harbhajan Singh, P Kumar, Z Khan, I Sharma"
474473,2011-07-29,2011,Test,India,England,Pataudi Trophy,,Trent Bridge,Nottingham,Lost,England,319.0,runs,SCJ Broad,"A Mukund, R Dravid, VVS Laxman, SR Tendulkar, SK Raina, Yuvraj Singh, MS Dhoni, Harbhajan Singh, P Kumar, I Sharma, S Sreesanth"
474474,2011-08-10,2011,Test,India,England,Pataudi Trophy,,Edgbaston,Birmingham,Lost,England,242.0,runs,AN Cook,"G Gambhir, V Sehwag, R Dravid, SR Tendulkar, VVS Laxman, SK Raina, MS Dhoni, A Mishra, P Kumar, I Sharma, S Sreesanth"
474475,2011-08-18,2011,Test,India,England,Pataudi Trophy,,Kennington Oval,London,Lost,England,8.0,runs,IR Bell,"V Sehwag, R Dravid, VVS Laxman, SR Tendulkar, SK Raina, I Sharma, MS Dhoni, A Mishra, G Gambhir, RP Singh, S Sreesanth"
474476,2011-08-31,2011,T20I,India,England,,,Old Trafford,Manchester,Lost,England,6.0,wickets,JW Dernbach,"PA Patel, AM Rahane, R Dravid, V Kohli, RG Sharma, SK Raina, MS Dhoni, R Ashwin, P Kumar, R Vinay Kumar, MM Patel"
474477,2011-09-03,2011,ODI,India,England,NatWest Series,,Riverside Ground,Chester-le-Street,No Result,,,,,"PA Patel, AM Rahane, R Dravid, V Kohli, RG Sharma, SK Raina, MS Dhoni, P Kumar, R Ashwin, R Vinay Kumar, MM Patel"
474478,2011-09-06,2011,ODI,India,England,NatWest Series,,The Rose Bowl,Southampton,Lost,England,7.0,wickets,AN Cook,"PA Patel, AM Rahane, R Dravid, V Kohli, SK Raina, MS Dhoni, MK Tiwary, R Ashwin, P Kumar, R Vinay Kumar, MM Patel"
474479,2011-09-09,2011,ODI,India,England,NatWest Series,,Kennington Oval,London,Lost,England,3.0,wickets,RA Jadeja,"PA Patel, AM Rahane, R Dravid, V Kohli, SK Raina, MS Dhoni, RA Jadeja, R Ashwin, P Kumar, MM Patel, RP Singh"
474480,2011-09-11,2011,ODI,India,England,NatWest Series,,Lord's,London,Tie,,,,"RS Bopara, SK Raina","PA Patel, AM Rahane, R Dravid, V Kohli, SK Raina, MS Dhoni, RA Jadeja, R Ashwin, P Kumar, MM Patel, RP Singh"
474481,2011-09-16,2011,ODI,India,England,NatWest Series,,Sophia Gardens,Cardiff,Lost,England,6.0,wickets,JM Bairstow,"PA Patel, AM Rahane, R Dravid, V Kohli, SK Raina, MS Dhoni, RA Jadeja, R Ashwin, RP Singh, MM Patel, R Vinay Kumar"
521218,2011-10-14,2011,ODI,India,England,England in India ODI Series,,"Rajiv Gandhi International Stadium, Uppal",Hyderabad,Won,India,126.0,runs,MS Dhoni,"PA Patel, AM Rahane, G Gambhir, V Kohli, SK Raina, MS Dhoni, RA Jadeja, R Ashwin, P Kumar, R Vinay Kumar, UT Yadav"
521219,2011-10-17,2011,ODI,India,England,England in India ODI Series,,Feroz Shah Kotla,Delhi,Won,India,8.0,wickets,V Kohli,"PA Patel, AM Rahane, G Gambhir, V Kohli, SK Raina, MS Dhoni, RA Jadeja, R Ashwin, R Vinay Kumar, UT Yadav, P Kumar"
521220,2011-10-20,2011,ODI,India,England,England in India ODI Series,,"Punjab Cricket Association Stadium, Mohali",Chandigarh,Won,India,5.0,wickets,AM Rahane,"PA Patel, AM Rahane, G Gambhir, V Kohli, SK Raina, MS Dhoni, RA Jadeja, R Ashwin, R Vinay Kumar, UT Yadav, P Kumar"
521221,2011-10-23,2011,ODI,India,England,England in India ODI Series,,Wankhede Stadium,Mumbai,Won,India,6.0,wickets,SK Raina,"PA Patel, AM Rahane, G Gambhir, V Kohli, SK Raina, MS Dhoni, RA Jadeja, R Ashwin, R Vinay Kumar, P Kumar, VR Aaron"
521222,2011-10-25,2011,ODI,India,England,England in India ODI Series,,Eden Gardens,Kolkata,Won,India,95.0,runs,RA Jadeja,"AM Rahane, G Gambhir, V Kohli, MK Tiwary, SK Raina, MS Dhoni, RA Jadeja, R Ashwin, P Kumar, R Vinay Kumar, VR Aaron"
521217,2011-10-29,2011,T20I,India,England,,,Eden Gardens,Kolkata,Lost,England,6.0,wickets,KP Pietersen,"RV Uthappa, AM Rahane, V Kohli, SK Raina, MK Tiwary, MS Dhoni, RA Jadeja, YK Pathan, P Kumar, R Ashwin, R Vinay Kumar"
535997,2011-11-06,2011,Test,India,West Indies,West Indies in India Test Series,,Feroz Shah Kotla,Delhi,Won,India,5.0,wickets,R Ashwin,"G Gambhir, V Sehwag, R Dravid, SR Tendulkar, VVS Laxman, Yuvraj Singh, MS Dhoni, R Ashwin, I Sharma, PP Ojha, UT Yadav"
535998,2011-11-14,2011,Test,India,West Indies,West Indies in India Test Series,,Eden Gardens,Kolkata,Won,India,15.0,runs,VVS Laxman,"G Gambhir, V Sehwag, R Dravid, SR Tendulkar, VVS Laxman, I Sharma, Yuvraj Singh, MS Dhoni, R Ashwin, PP Ojha, UT Yadav"
535999,2011-11-22,2011,Test,India,West Indies,West Indies in India Test Series,,Wankhede Stadium,Mumbai,Draw,,,,R Ashwin,"G Gambhir, V Sehwag, R Dravid, SR Tendulkar, VVS Laxman, V Kohli, MS Dhoni, R Ashwin, I Sharma, VR Aaron, PP Ojha"
536929,2011-11-29,2011,ODI,India,West Indies,West Indies in India ODI Series,,Barabati Stadium,Cuttack,Won,India,1.0,wickets,RG Sharma,"PA Patel, V Sehwag, G Gambhir, V Kohli, RG Sharma, SK Raina, RA Jadeja, R Ashwin, R Vinay Kumar, VR Aaron, UT Yadav"
536930,2011-12-02,2011,ODI,India,West Indies,West Indies in India ODI Series,,Dr. Y.S. Rajasekhara Reddy ACA-VDCA Cricket Stadium,Visakhapatnam,Won,India,5.0,wickets,V Kohli,"PA Patel, V Sehwag, G Gambhir, V Kohli, RG Sharma, SK Raina, RA Jadeja, R Ashwin, R Vinay Kumar, VR Aaron, UT Yadav"
536931,2011-12-05,2011,ODI,India,West Indies,West Indies in India ODI Series,,"Sardar Patel Stadium, Motera",Ahmedabad,Lost,West Indies,16.0,runs,R Rampaul,"PA Patel, V Sehwag, G Gambhir, V Kohli, RG Sharma, SK Raina, RA Jadeja, R Ashwin, R Vinay Kumar, A Mithun, UT Yadav"
536932,2011-12-08,2011,ODI,India,West Indies,West Indies in India ODI Series,,Holkar Cricket Stadium,Indore,Won,India,153.0,runs,V Sehwag,"G Gambhir, V Sehwag, SK Raina, RA Jadeja, RG Sharma, V Kohli, PA Patel, R Ashwin, R Vinay Kumar, A Mithun, R Sharma"
536933,2011-12-11,2011,ODI,India,West Indies,West Indies in India ODI Series,,"MA Chidambaram Stadium, Chepauk",Chennai,Won,India,34.0,runs,MK Tiwary,"G Gambhir, AM Rahane, PA Patel, MK Tiwary, V Kohli, RG Sharma, SK Raina, IK Pathan, RA Jadeja, A Mithun, R Sharma"
518950,2011-12-26,2011,Test,India,Australia,Border-Gavaskar Trophy,,Melbourne Cricket Ground,,Lost,Australia,122.0,runs,JL Pattinson,"G Gambhir, V Sehwag, R Dravid, SR Tendulkar, I Sharma, VVS Laxman, V Kohli, MS Dhoni, R Ashwin, Z Khan, UT Yadav"
518951,2012-01-03,2012,Test,India,Australia,Border-Gavaskar Trophy,,Sydney Cricket Ground,,Lost,Australia,68.0,runs,MJ Clarke,"G Gambhir, V Sehwag, R Dravid, SR Tendulkar, VVS Laxman, V Kohli, MS Dhoni, R Ashwin, Z Khan, I Sharma, UT Yadav"
518952,2012-01-13,2012,Test,India,Australia,Border-Gavaskar Trophy,,Western Australia Cricket Association Ground,Perth,Lost,Australia,37.0,runs,DA Warner,"G Gambhir, V Sehwag, R Dravid, SR Tendulkar, VVS Laxman, V Kohli, MS Dhoni, R Vinay Kumar, Z Khan, I Sharma, UT Yadav"
518953,2012-01-24,2012,Test,India,Australia,Border-Gavaskar Trophy,,Adelaide Oval,,Lost,Australia,298.0,runs,PM Siddle,"G Gambhir, V Sehwag, R Dravid, SR Tendulkar, VVS Laxman, V Kohli, WP Saha, R Ashwin, Z Khan, I Sharma, UT Yadav"
518954,2012-02-01,2012,T20I,India,Australia,India in Australia T20I Series,,Stadium Australia,Sydney,Lost,Australia,31.0,runs,MS Wade,"G Gambhir, V Sehwag, V Kohli, SK Raina, RG Sharma, MS Dhoni, RA Jadeja, R Ashwin, R Sharma, R Vinay Kumar, P Kumar"
518955,2012-02-03,2012,T20I,India,Australia,India in Australia T20I Series,,Melbourne Cricket Ground,,Won,India,8.0,wickets,RA Jadeja,"G Gambhir, V Sehwag, V Kohli, MS Dhoni, SK Raina, RG Sharma, RA Jadeja, R Sharma, R Ashwin, R Vinay Kumar, P Kumar"
518956,2012-02-05,2012,ODI,India,Australia,Commonwealth Bank Series,,Melbourne Cricket Ground,,Lost,Australia,65.0,runs,MS Wade,"G Gambhir, SR Tendulkar, V Kohli, RG Sharma, SK Raina, MS Dhoni, RA Jadeja, R Ashwin, R Sharma, P Kumar, R Vinay Kumar"
518957,2012-02-08,2012,ODI,India,Sri Lanka,Commonwealth Bank Series,,Western Australia Cricket Association Ground,Perth,Won,India,4.0,wickets,R Ashwin,"V Sehwag, SR Tendulkar, V Kohli, RG Sharma, SK Raina, MS Dhoni, RA Jadeja, R Ashwin, R Vinay Kumar, P Kumar, Z Khan"
518959,2012-02-12,2012,ODI,India,Australia,Commonwealth Bank Series,,Adelaide Oval,,Won,India,4.0,wickets,G Gambhir,"G Gambhir, V Sehwag, V Kohli, RG Sharma, SK Raina, MS Dhoni, RA Jadeja, R Ashwin, R Vinay Kumar, Z Khan, UT Yadav"
518960,2012-02-14,2012,ODI,India,Sri Lanka,Commonwealth Bank Series,,Adelaide Oval,,Tie,,,,MS Dhoni,"G Gambhir, SR Tendulkar, V Kohli, RG Sharma, SK Raina, MS Dhoni, RA Jadeja, R Ashwin, IK Pathan, R Vinay Kumar, UT Yadav"
518962,2012-02-19,2012,ODI,India,Australia,Commonwealth Bank Series,,"Brisbane Cricket Ground, Woolloongabba",Brisbane,Lost,Australia,110.0,runs,BW Hilfenhaus,"G Gambhir, SR Tendulkar, V Kohli, RG Sharma, SK Raina, MS Dhoni, RA Jadeja, IK Pathan, R Vinay Kumar, Z Khan, UT Yadav"
518963,2012-02-21,2012,ODI,India,Sri Lanka,Commonwealth Bank Series,,"Brisbane Cricket Ground, Woolloongabba",Brisbane,Lost,Sri Lanka,51.0,runs,KMDN Kulasekara,"V Sehwag, SR Tendulkar, G Gambhir, V Kohli, SK Raina, RA Jadeja, IK Pathan, PA Patel, R Ashwin, R Vinay Kumar, UT Yadav"
518965,2012-02-26,2012,ODI,India,Australia,Commonwealth Bank Series,,Sydney Cricket Ground,,Lost,Australia,87.0,runs,DA Warner,"V Sehwag, SR Tendulkar, G Gambhir, V Kohli, SK Raina, MS Dhoni, RA Jadeja, R Ashwin, IK Pathan, P Kumar, UT Yadav"
518966,2012-02-28,2012,ODI,India,Sri Lanka,Commonwealth Bank Series,,Bellerive Oval,Hobart,Won,India,7.0,wickets,V Kohli,"V Sehwag, SR Tendulkar, G Gambhir, V Kohli, SK Raina, MS Dhoni, RA Jadeja, R Ashwin, P Kumar, Z Khan, UT Yadav"
535795,2012-03-13,2012,ODI,India,Sri Lanka,Asia Cup,,Shere Bangla National Stadium,Mirpur,Won,India,50.0,runs,V Kohli,"G Gambhir, SR Tendulkar, V Kohli, MS Dhoni, SK Raina, RG Sharma, RA Jadeja, IK Pathan, R Ashwin, P Kumar, R Vinay Kumar"
535797,2012-03-16,2012,ODI,India,Bangladesh,Asia Cup,,Shere Bangla National Stadium,Mirpur,Lost,Bangladesh,5.0,wickets,Shakib Al Hasan,"G Gambhir, SR Tendulkar, V Kohli, SK Raina, MS Dhoni, RG Sharma, RA Jadeja, IK Pathan, R Ashwin, P Kumar, AB Dinda"
535798,2012-03-18,2012,ODI,India,Pakistan,Asia Cup,,Shere Bangla National Stadium,Mirpur,Won,India,6.0,wickets,V Kohli,"G Gambhir, SR Tendulkar, V Kohli, RG Sharma, SK Raina, MS Dhoni, YK Pathan, IK Pathan, R Ashwin, P Kumar, AB Dinda"
556252,2012-03-30,2012,T20I,India,South Africa,,,New Wanderers Stadium,Johannesburg,Lost,South Africa,11.0,runs,CA Ingram,"RV Uthappa, G Gambhir, V Kohli, RG Sharma, SK Raina, MS Dhoni, YK Pathan, IK Pathan, R Ashwin, P Kumar, R Vinay Kumar"
564781,2012-07-21,2012,ODI,India,Sri Lanka,India in Sri Lanka ODI Series,,"Mahinda Rajapaksa International Cricket Stadium, Sooriyawewa",Hambantota,Won,India,21.0,runs,V Kohli,"G Gambhir, V Sehwag, V Kohli, RG Sharma, SK Raina, MS Dhoni, IK Pathan, R Ashwin, Z Khan, UT Yadav, PP Ojha"
564782,2012-07-24,2012,ODI,India,Sri Lanka,India in Sri Lanka ODI Series,,"Mahinda Rajapaksa International Cricket Stadium, Sooriyawewa",Hambantota,Lost,Sri Lanka,9.0,wickets,NLTC Perera,"G Gambhir, V Sehwag, V Kohli, RG Sharma, SK Raina, MS Dhoni, IK Pathan, R Ashwin, Z Khan, PP Ojha, UT Yadav"
564783,2012-07-28,2012,ODI,India,Sri Lanka,India in Sri Lanka ODI Series,,R Premadasa Stadium,Colombo,Won,India,5.0,wickets,SK Raina,"G Gambhir, V Sehwag, V Kohli, MS Dhoni, RG Sharma, SK Raina, IK Pathan, R Ashwin, Z Khan, R Sharma, AB Dinda"
564784,2012-07-31,2012,ODI,India,Sri Lanka,India in Sri Lanka ODI Series,,R Premadasa Stadium,Colombo,Won,India,6.0,wickets,V Kohli,"G Gambhir, V Sehwag, V Kohli, RG Sharma, MK Tiwary, SK Raina, MS Dhoni, IK Pathan, R Ashwin, Z Khan, AB Dinda"
564785,2012-08-04,2012,ODI,India,Sri Lanka,India in Sri Lanka ODI Series,,Pallekele International Cricket Stadium,,Won,India,20.0,runs,IK Pathan,"G Gambhir, AM Rahane, V Kohli, RG Sharma, MK Tiwary, SK Raina, MS Dhoni, IK Pathan, R Ashwin, Z Khan, AB Dinda"
564786,2012-08-07,2012,T20I,India,Sri Lanka,,,Pallekele International Cricket Stadium,,Won,India,39.0,runs,IK Pathan,"G Gambhir, AM Rahane, V Kohli, SK Raina, MS Dhoni, RG Sharma, MK Tiwary, IK Pathan, R Ashwin, UT Yadav, AB Dinda"
565817,2012-08-23,2012,Test,India,New Zealand,New Zealand in India Test Series,,"Rajiv Gandhi International Stadium, Uppal",Hyderabad,Won,India,115.0,runs,R Ashwin,"G Gambhir, V Sehwag, CA Pujara, SR Tendulkar, V Kohli, SK Raina, MS Dhoni, R Ashwin, Z Khan, PP Ojha, UT Yadav"
565818,2012-08-31,2012,Test,India,New Zealand,New Zealand in India Test Series,,M Chinnaswamy Stadium,Bangalore,Won,India,5.0,wickets,V Kohli,"G Gambhir, V Sehwag, CA Pujara, SR Tendulkar, V Kohli, SK Raina, MS Dhoni, R Ashwin, Z Khan, PP Ojha, UT Yadav"
565820,2012-09-11,2012,T20I,India,New Zealand,New Zealand in India T20I Series,,"MA Chidambaram Stadium, Chepauk",Chennai,Lost,New Zealand,1.0,runs,BB McCullum,"G Gambhir, V Kohli, SK Raina, Yuvraj Singh, MS Dhoni, RG Sharma, MK Tiwary, IK Pathan, R Ashwin, Z Khan, L Balaji"
533281,2012-09-23,2012,T20I,India,England,ICC World Twenty20,,R Premadasa Stadium,Colombo,Won,India,90.0,runs,Harbhajan Singh,"G Gambhir, IK Pathan, V Kohli, RG Sharma, MS Dhoni, SK Raina, Yuvraj Singh, Harbhajan Singh, PP Chawla, AB Dinda, L Balaji"
533287,2012-09-28,2012,T20I,India,Australia,ICC World Twenty20,,R Premadasa Stadium,Colombo,Lost,Australia,9.0,wickets,SR Watson,"G Gambhir, IK Pathan, V Kohli, Yuvraj Singh, RG Sharma, SK Raina, MS Dhoni, R Ashwin, Harbhajan Singh, PP Chawla, Z Khan"
533291,2012-09-30,2012,T20I,India,Pakistan,ICC World Twenty20,,R Premadasa Stadium,Colombo,Won,India,8.0,wickets,V Kohli,"G Gambhir, V Sehwag, V Kohli, Yuvraj Singh, SK Raina, RG Sharma, MS Dhoni, IK Pathan, R Ashwin, Z Khan, L Balaji"
533295,2012-10-02,2012,T20I,India,South Africa,ICC World Twenty20,,R Premadasa Stadium,Colombo,Won,India,1.0,runs,Yuvraj Singh,"G Gambhir, V Sehwag, V Kohli, RG Sharma, Yuvraj Singh, SK Raina, MS Dhoni, IK Pathan, R Ashwin, L Balaji, Z Khan"
565806,2012-11-15,2012,Test,India,England,England in India Test Series,,"Sardar Patel Stadium, Motera",Ahmedabad,Won,India,9.0,wickets,CA Pujara,"G Gambhir, V Sehwag, CA Pujara, SR Tendulkar, V Kohli, Yuvraj Singh, MS Dhoni, R Ashwin, Z Khan, PP Ojha, UT Yadav"
565807,2012-11-23,2012,Test,India,England,England in India Test Series,,Wankhede Stadium,Mumbai,Lost,England,10.0,wickets,KP Pietersen,"G Gambhir, V Sehwag, CA Pujara, SR Tendulkar, V Kohli, Yuvraj Singh, MS Dhoni, R Ashwin, Harbhajan Singh, Z Khan, PP Ojha"
565808,2012-12-05,2012,Test,India,England,England in India Test Series,,Eden Gardens,Kolkata,Lost,England,7.0,wickets,AN Cook,"G Gambhir, V Sehwag, CA Pujara, SR Tendulkar, V Kohli, Yuvraj Singh, MS Dhoni, R Ashwin, Z Khan, I Sharma, PP Ojha"
565809,2012-12-13,2012,Test,India,England,England in India Test Series,,"Vidarbha Cricket Association Stadium, Jamtha",Nagpur,Draw,,,,JM Anderson,"G Gambhir, V Sehwag, CA Pujara, SR Tendulkar, V Kohli, MS Dhoni, RA Jadeja, R Ashwin, PP Chawla, PP Ojha, I Sharma"
565810,2012-12-20,2012,T20I,India,England,England in India T20I Series,,Subrata Roy Sahara Stadium,Pune,Won,India,5.0,wickets,Yuvraj Singh,"G Gambhir, AM Rahane, V Kohli, Yuvraj Singh, SK Raina, MS Dhoni, RA Jadeja, R Ashwin, PP Chawla, AB Dinda, P Awana"
565811,2012-12-22,2012,T20I,India,England,England in India T20I Series,,Wankhede Stadium,Mumbai,Lost,England,6.0,wickets,EJG Morgan,"G Gambhir, AM Rahane, V Kohli, Yuvraj Singh, RG Sharma, SK Raina, MS Dhoni, R Ashwin, PP Chawla, AB Dinda, P Awana"
589306,2012-12-25,2012,T20I,India,Pakistan,Pakistan in India T20I Series,,M Chinnaswamy Stadium,Bangalore,Lost,Pakistan,5.0,wickets,Mohammad Hafeez,"G Gambhir, AM Rahane, V Kohli, Yuvraj Singh, MS Dhoni, SK Raina, RG Sharma, RA Jadeja, B Kumar, I Sharma, AB Dinda"
589307,2012-12-28,2012,T20I,India,Pakistan,Pakistan in India T20I Series,,"Sardar Patel Stadium, Motera",Ahmedabad,Won,India,11.0,runs,Yuvraj Singh,"G Gambhir, AM Rahane, V Kohli, Yuvraj Singh, MS Dhoni, SK Raina, RG Sharma, B Kumar, R Ashwin, I Sharma, AB Dinda"
589308,2012-12-30,2012,ODI,India,Pakistan,Pakistan in India ODI Series,,"MA Chidambaram Stadium, Chepauk",Chennai,Lost,Pakistan,6.0,wickets,MS Dhoni,"G Gambhir, V Sehwag, V Kohli, Yuvraj Singh, RG Sharma, SK Raina, MS Dhoni, R Ashwin, B Kumar, I Sharma, AB Dinda"
589309,2013-01-03,2013,ODI,India,Pakistan,Pakistan in India ODI Series,,Eden Gardens,Kolkata,Lost,Pakistan,85.0,runs,Nasir Jamshed,"G Gambhir, V Sehwag, V Kohli, Yuvraj Singh, SK Raina, MS Dhoni, R Ashwin, RA Jadeja, B Kumar, AB Dinda, I Sharma"
589310,2013-01-06,2013,ODI,India,Pakistan,Pakistan in India ODI Series,,Feroz Shah Kotla,Delhi,Won,India,10.0,runs,MS Dhoni,"G Gambhir, AM Rahane, V Kohli, Yuvraj Singh, SK Raina, MS Dhoni, R Ashwin, RA Jadeja, B Kumar, I Sharma, Mohammed Shami"
565812,2013-01-11,2013,ODI,India,England,England in India ODI Series,,Saurashtra Cricket Association Stadium,Rajkot,Lost,England,9.0,runs,JC Tredwell,"AM Rahane, G Gambhir, V Kohli, Yuvraj Singh, SK Raina, MS Dhoni, RA Jadeja, R Ashwin, B Kumar, AB Dinda, I Sharma"
565813,2013-01-15,2013,ODI,India,England,England in India ODI Series,,Nehru Stadium,Kochi,Won,India,127.0,runs,RA Jadeja,"AM Rahane, G Gambhir, V Kohli, Yuvraj Singh, SK Raina, MS Dhoni, RA Jadeja, R Ashwin, B Kumar, I Sharma, Mohammed Shami"
565814,2013-01-19,2013,ODI,India,England,England in India ODI Series,,JSCA International Stadium Complex,Ranchi,Won,India,7.0,wickets,V Kohli,"G Gambhir, AM Rahane, V Kohli, Yuvraj Singh, MS Dhoni, SK Raina, RA Jadeja, R Ashwin, B Kumar, I Sharma, Mohammed Shami"
565815,2013-01-23,2013,ODI,India,England,England in India ODI Series,,"Punjab Cricket Association Stadium, Mohali",Chandigarh,Won,India,5.0,wickets,SK Raina,"G Gambhir, RG Sharma, V Kohli, Yuvraj Singh, SK Raina, MS Dhoni, RA Jadeja, R Ashwin, B Kumar, I Sharma, Mohammed Shami"
565816,2013-01-27,2013,ODI,India,England,England in India ODI Series,,Himachal Pradesh Cricket Association Stadium,Dharamsala,Lost,England,7.0,wickets,IR Bell,"G Gambhir, RG Sharma, V Kohli, Yuvraj Singh, SK Raina, MS Dhoni, RA Jadeja, R Ashwin, B Kumar, Mohammed Shami, I Sharma"
598812,2013-02-22,2013,Test,India,Australia,Border-Gavaskar Trophy,,"MA Chidambaram Stadium, Chepauk",Chennai,Won,India,8.0,wickets,MS Dhoni,"M Vijay, V Sehwag, CA Pujara, SR Tendulkar, V Kohli, MS Dhoni, RA Jadeja, R Ashwin, Harbhajan Singh, B Kumar, I Sharma"
598813,2013-03-02,2013,Test,India,Australia,Border-Gavaskar Trophy,,"Rajiv Gandhi International Stadium, Uppal",Hyderabad,Won,India,135.0,runs,CA Pujara,"M Vijay, V Sehwag, CA Pujara, SR Tendulkar, V Kohli, MS Dhoni, RA Jadeja, R Ashwin, Harbhajan Singh, B Kumar, I Sharma"
598814,2013-03-14,2013,Test,India,Australia,Border-Gavaskar Trophy,,"Punjab Cricket Association Stadium, Mohali",Chandigarh,Won,India,6.0,wickets,S Dhawan,"M Vijay, S Dhawan, CA Pujara, SR Tendulkar, V Kohli, MS Dhoni, RA Jadeja, R Ashwin, B Kumar, I Sharma, PP Ojha"
598815,2013-03-22,2013,Test,India,Australia,Border-Gavaskar Trophy,,Feroz Shah Kotla,Delhi,Won,India,6.0,wickets,RA Jadeja,"M Vijay, CA Pujara, V Kohli, SR Tendulkar, AM Rahane, MS Dhoni, RA Jadeja, R Ashwin, B Kumar, I Sharma, PP Ojha"
578614,2013-06-06,2013,ODI,India,South Africa,ICC Champions Trophy,,Sophia Gardens,Cardiff,Won,India,26.0,runs,S Dhawan,"RG Sharma, S Dhawan, V Kohli, KD Karthik, MS Dhoni, SK Raina, RA Jadeja, R Ashwin, B Kumar, I Sharma, UT Yadav"
578619,2013-06-11,2013,ODI,India,West Indies,ICC Champions Trophy,,Kennington Oval,London,Won,India,8.0,wickets,RA Jadeja,"RG Sharma, S Dhawan, V Kohli, KD Karthik, SK Raina, MS Dhoni, RA Jadeja, R Ashwin, I Sharma, B Kumar, UT Yadav"
578623,2013-06-15,2013,ODI,India,Pakistan,ICC Champions Trophy,,Edgbaston,Birmingham,Won,India,8.0,wickets,B Kumar,"RG Sharma, S Dhawan, V Kohli, KD Karthik, SK Raina, MS Dhoni, RA Jadeja, R Ashwin, I Sharma, B Kumar, UT Yadav"
566947,2013-06-20,2013,ODI,India,Sri Lanka,ICC Champions Trophy,Semi Final,Sophia Gardens,Cardiff,Won,India,8.0,wickets,I Sharma,"RG Sharma, S Dhawan, V Kohli, SK Raina, KD Karthik, MS Dhoni, RA Jadeja, R Ashwin, I Sharma, B Kumar, UT Yadav"
566948,2013-06-23,2013,ODI,India,England,ICC Champions Trophy,Final,Edgbaston,Birmingham,Won,India,5.0,runs,RA Jadeja,"RG Sharma, S Dhawan, V Kohli, KD Karthik, SK Raina, MS Dhoni, RA Jadeja, R Ashwin, B Kumar, I Sharma, UT Yadav"
597924,2013-06-30,2013,ODI,India,West Indies,West Indies Tri-Nation Series,,"Sabina Park, Kingston",Jamaica,Lost,West Indies,1.0,wickets,J Charles,"RG Sharma, S Dhawan, V Kohli, KD Karthik, SK Raina, MS Dhoni, RA Jadeja, R Ashwin, B Kumar, I Sharma, UT Yadav"
597925,2013-07-02,2013,ODI,India,Sri Lanka,West Indies Tri-Nation Series,,"Sabina Park, Kingston",Jamaica,Lost,Sri Lanka,161.0,runs,WU Tharanga,"RG Sharma, S Dhawan, M Vijay, V Kohli, KD Karthik, SK Raina, RA Jadeja, R Ashwin, Mohammed Shami, I Sharma, UT Yadav"
597926,2013-07-05,2013,ODI,India,West Indies,West Indies Tri-Nation Series,,"Queen's Park Oval, Port of Spain",Trinidad,Won,India,102.0,runs,V Kohli,"RG Sharma, S Dhawan, V Kohli, SK Raina, KD Karthik, M Vijay, RA Jadeja, R Ashwin, B Kumar, I Sharma, UT Yadav"
597928,2013-07-09,2013,ODI,India,Sri Lanka,West Indies Tri-Nation Series,,"Queen's Park Oval, Port of Spain",Trinidad,Won,India,81.0,runs,B Kumar,"RG Sharma, S Dhawan, V Kohli, KD Karthik, SK Raina, M Vijay, RA Jadeja, R Ashwin, B Kumar, I Sharma, UT Yadav"
597929,2013-07-11,2013,ODI,India,Sri Lanka,West Indies Tri-Nation Series,Final,"Queen's Park Oval, Port of Spain",Trinidad,Won,India,1.0,wickets,MS Dhoni,"RG Sharma, S Dhawan, V Kohli, KD Karthik, SK Raina, MS Dhoni, RA Jadeja, R Ashwin, B Kumar, R Vinay Kumar, I Sharma"
643665,2013-07-24,2013,ODI,India,Zimbabwe,India in Zimbabwe ODI Series,,Harare Sports Club,,Won,India,6.0,wickets,V Kohli,"RG Sharma, S Dhawan, V Kohli, AT Rayudu, SK Raina, KD Karthik, RA Jadeja, A Mishra, Mohammed Shami, R Vinay Kumar, JD Unadkat"
643667,2013-07-26,2013,ODI,India,Zimbabwe,India in Zimbabwe ODI Series,,Harare Sports Club,,Won,India,58.0,runs,S Dhawan,"RG Sharma, S Dhawan, V Kohli, AT Rayudu, SK Raina, KD Karthik, RA Jadeja, A Mishra, R Vinay Kumar, Mohammed Shami, JD Unadkat"
643669,2013-07-28,2013,ODI,India,Zimbabwe,India in Zimbabwe ODI Series,,Harare Sports Club,,Won,India,7.0,wickets,A Mishra,"RG Sharma, S Dhawan, V Kohli, AT Rayudu, SK Raina, KD Karthik, RA Jadeja, A Mishra, Mohammed Shami, R Vinay Kumar, JD Unadkat"
643675,2013-08-01,2013,ODI,India,Zimbabwe,India in Zimbabwe ODI Series,,Queens Sports Club,Bulawayo,Won,India,9.0,wickets,MM Sharma,"CA Pujara, RG Sharma, SK Raina, V Kohli, KD Karthik, AT Rayudu, RA Jadeja, A Mishra, Mohammed Shami, MM Sharma, JD Unadkat"
643677,2013-08-03,2013,ODI,India,Zimbabwe,India in Zimbabwe ODI Series,,Queens Sports Club,Bulawayo,Won,India,7.0,wickets,A Mishra,"CA Pujara, S Dhawan, AM Rahane, RA Jadeja, KD Karthik, V Kohli, SK Raina, A Mishra, Mohammed Shami, MM Sharma, JD Unadkat"
647247,2013-10-10,2013,T20I,India,Australia,,,Saurashtra Cricket Association Stadium,Rajkot,Won,India,6.0,wickets,Yuvraj Singh,"RG Sharma, S Dhawan, SK Raina, V Kohli, Yuvraj Singh, MS Dhoni, RA Jadeja, R Ashwin, B Kumar, R Vinay Kumar, I Sharma"
647249,2013-10-13,2013,ODI,India,Australia,Australia in India ODI Series,,Maharashtra Cricket Association Stadium,Pune,Lost,Australia,72.0,runs,GJ Bailey,"S Dhawan, RG Sharma, V Kohli, SK Raina, Yuvraj Singh, MS Dhoni, RA Jadeja, R Ashwin, B Kumar, R Vinay Kumar, I Sharma"
647251,2013-10-16,2013,ODI,India,Australia,Australia in India ODI Series,,Sawai Mansingh Stadium,Jaipur,Won,India,9.0,wickets,RG Sharma,"RG Sharma, S Dhawan, V Kohli, SK Raina, Yuvraj Singh, MS Dhoni, RA Jadeja, R Ashwin, B Kumar, R Vinay Kumar, I Sharma"
647253,2013-10-19,2013,ODI,India,Australia,Australia in India ODI Series,,"Punjab Cricket Association Stadium, Mohali",Chandigarh,Lost,Australia,4.0,wickets,JP Faulkner,"RG Sharma, S Dhawan, V Kohli, SK Raina, Yuvraj Singh, MS Dhoni, RA Jadeja, R Ashwin, B Kumar, R Vinay Kumar, I Sharma"
647255,2013-10-23,2013,ODI,India,Australia,Australia in India ODI Series,,JSCA International Stadium Complex,Ranchi,No Result,,,,,"RG Sharma, S Dhawan, SK Raina, V Kohli, Yuvraj Singh, MS Dhoni, RA Jadeja, R Ashwin, R Vinay Kumar, Mohammed Shami, JD Unadkat"
647259,2013-10-30,2013,ODI,India,Australia,Australia in India ODI Series,,"Vidarbha Cricket Association Stadium, Jamtha",Nagpur,Won,India,6.0,wickets,V Kohli,"RG Sharma, S Dhawan, V Kohli, SK Raina, Yuvraj Singh, MS Dhoni, RA Jadeja, R Ashwin, B Kumar, A Mishra, Mohammed Shami"
647261,2013-11-02,2013,ODI,India,Australia,Australia in India ODI Series,,M Chinnaswamy Stadium,Bangalore,Won,India,57.0,runs,RG Sharma,"RG Sharma, S Dhawan, V Kohli, SK Raina, Yuvraj Singh, MS Dhoni, RA Jadeja, R Ashwin, B Kumar, R Vinay Kumar, Mohammed Shami"
676525,2013-11-06,2013,Test,India,West Indies,West Indies in India Test Series,,Eden Gardens,Kolkata,Won,India,51.0,runs,RG Sharma,"S Dhawan, M Vijay, CA Pujara, SR Tendulkar, V Kohli, RG Sharma, MS Dhoni, R Ashwin, B Kumar, Mohammed Shami, PP Ojha"
676527,2013-11-14,2013,Test,India,West Indies,West Indies in India Test Series,,Wankhede Stadium,Mumbai,Won,India,126.0,runs,PP Ojha,"M Vijay, S Dhawan, CA Pujara, SR Tendulkar, V Kohli, RG Sharma, MS Dhoni, R Ashwin, B Kumar, PP Ojha, Mohammed Shami"
676529,2013-11-21,2013,ODI,India,West Indies,West Indies in India ODI Series,,Nehru Stadium,Kochi,Won,India,6.0,wickets,V Kohli,"RG Sharma, S Dhawan, V Kohli, Yuvraj Singh, SK Raina, MS Dhoni, RA Jadeja, R Ashwin, B Kumar, Mohammed Shami, JD Unadkat"
676531,2013-11-24,2013,ODI,India,West Indies,West Indies in India ODI Series,,Dr. Y.S. Rajasekhara Reddy ACA-VDCA Cricket Stadium,Visakhapatnam,Lost,West Indies,2.0,wickets,DJG Sammy,"RG Sharma, S Dhawan, V Kohli, Yuvraj Singh, SK Raina, MS Dhoni, RA Jadeja, R Ashwin, B Kumar, Mohammed Shami, MM Sharma"
676533,2013-11-27,2013,ODI,India,West Indies,West Indies in India ODI Series,,Green Park,Kanpur,Won,India,5.0,wickets,S Dhawan,"RG Sharma, S Dhawan, V Kohli, Yuvraj Singh, SK Raina, MS Dhoni, RA Jadeja, R Ashwin, B Kumar, Mohammed Shami, MM Sharma"
648651,2013-12-05,2013,ODI,India,South Africa,India in South Africa ODI Series,,New Wanderers Stadium,Johannesburg,Lost,South Africa,141.0,runs,Q de Kock,"RG Sharma, S Dhawan, V Kohli, Yuvraj Singh, SK Raina, MS Dhoni, RA Jadeja, R Ashwin, B Kumar, MM Sharma, Mohammed Shami"
648653,2013-12-08,2013,ODI,India,South Africa,India in South Africa ODI Series,,Kingsmead,Durban,Lost,South Africa,134.0,runs,Q de Kock,"RG Sharma, S Dhawan, V Kohli, AM Rahane, SK Raina, MS Dhoni, RA Jadeja, R Ashwin, Mohammed Shami, UT Yadav, I Sharma"
648655,2013-12-11,2013,ODI,India,South Africa,India in South Africa ODI Series,,SuperSport Park,Centurion,No Result,,,,,"RG Sharma, S Dhawan, V Kohli, Yuvraj Singh, SK Raina, MS Dhoni, RA Jadeja, R Ashwin, I Sharma, Mohammed Shami, UT Yadav"
648665,2013-12-18,2013,Test,India,South Africa,India in South Africa Test Series,,New Wanderers Stadium,Johannesburg,Draw,,,,V Kohli,"M Vijay, S Dhawan, CA Pujara, V Kohli, RG Sharma, AM Rahane, MS Dhoni, R Ashwin, Z Khan, I Sharma, Mohammed Shami"
648667,2013-12-26,2013,Test,India,South Africa,India in South Africa Test Series,,Kingsmead,Durban,Lost,South Africa,10.0,wickets,DW Steyn,"S Dhawan, M Vijay, CA Pujara, V Kohli, RG Sharma, AM Rahane, MS Dhoni, RA Jadeja, Z Khan, I Sharma, Mohammed Shami"
667641,2014-01-19,2014,ODI,India,New Zealand,India in New Zealand ODI Series,,McLean Park,Napier,Lost,New Zealand,24.0,runs,CJ Anderson,"RG Sharma, S Dhawan, V Kohli, AM Rahane, SK Raina, MS Dhoni, RA Jadeja, R Ashwin, B Kumar, I Sharma, Mohammed Shami"
667643,2014-01-22,2014,ODI,India,New Zealand,India in New Zealand ODI Series,,Seddon Park,Hamilton,Lost,New Zealand,15.0,runs,KS Williamson,"S Dhawan, RG Sharma, V Kohli, AM Rahane, MS Dhoni, SK Raina, RA Jadeja, R Ashwin, B Kumar, Mohammed Shami, I Sharma"
667645,2014-01-25,2014,ODI,India,New Zealand,India in New Zealand ODI Series,,Eden Park,Auckland,Tie,,,,RA Jadeja,"RG Sharma, S Dhawan, V Kohli, AM Rahane, SK Raina, MS Dhoni, R Ashwin, RA Jadeja, B Kumar, Mohammed Shami, VR Aaron"
667647,2014-01-28,2014,ODI,India,New Zealand,India in New Zealand ODI Series,,Seddon Park,Hamilton,Lost,New Zealand,7.0,wickets,LRPL Taylor,"RG Sharma, V Kohli, AM Rahane, AT Rayudu, MS Dhoni, R Ashwin, RA Jadeja, STR Binny, B Kumar, VR Aaron, Mohammed Shami"
667649,2014-01-31,2014,ODI,India,New Zealand,India in New Zealand ODI Series,,Westpac Stadium,Wellington,Lost,New Zealand,87.0,runs,LRPL Taylor,"RG Sharma, S Dhawan, V Kohli, AM Rahane, AT Rayudu, MS Dhoni, R Ashwin, RA Jadeja, B Kumar, Mohammed Shami, VR Aaron"
667651,2014-02-06,2014,Test,India,New Zealand,India in New Zealand Test Series,,Eden Park,Auckland,Lost,New Zealand,40.0,runs,BB McCullum,"S Dhawan, M Vijay, CA Pujara, V Kohli, RG Sharma, AM Rahane, MS Dhoni, RA Jadeja, Z Khan, I Sharma, Mohammed Shami"
667653,2014-02-14,2014,Test,India,New Zealand,India in New Zealand Test Series,,Basin Reserve,Wellington,Draw,,,,BB McCullum,"S Dhawan, M Vijay, CA Pujara, I Sharma, V Kohli, RG Sharma, AM Rahane, MS Dhoni, RA Jadeja, Z Khan, Mohammed Shami"
710293,2014-02-26,2014,ODI,India,Bangladesh,Asia Cup,,Khan Shaheb Osman Ali Stadium,Fatullah,Won,India,6.0,wickets,V Kohli,"RG Sharma, S Dhawan, V Kohli, AM Rahane, AT Rayudu, KD Karthik, RA Jadeja, R Ashwin, B Kumar, Mohammed Shami, VR Aaron"
710297,2014-02-28,2014,ODI,India,Sri Lanka,Asia Cup,,Khan Shaheb Osman Ali Stadium,Fatullah,Lost,Sri Lanka,2.0,wickets,KC Sangakkara,"RG Sharma, S Dhawan, V Kohli, AM Rahane, AT Rayudu, KD Karthik, RA Jadeja, STR Binny, R Ashwin, B Kumar, Mohammed Shami"
710301,2014-03-02,2014,ODI,India,Pakistan,Asia Cup,,Shere Bangla National Stadium,Mirpur,Lost,Pakistan,1.0,wickets,Mohammad Hafeez,"RG Sharma, S Dhawan, V Kohli, AM Rahane, AT Rayudu, KD Karthik, RA Jadeja, R Ashwin, Mohammed Shami, A Mishra, B Kumar"
682921,2014-03-21,2014,T20I,India,Pakistan,World T20,,Shere Bangla National Stadium,Mirpur,Won,India,7.0,wickets,A Mishra,"RG Sharma, S Dhawan, V Kohli, Yuvraj Singh, SK Raina, MS Dhoni, R Ashwin, RA Jadeja, A Mishra, B Kumar, Mohammed Shami"
682929,2014-03-23,2014,T20I,India,West Indies,World T20,,Shere Bangla National Stadium,Mirpur,Won,India,7.0,wickets,A Mishra,"RG Sharma, S Dhawan, V Kohli, Yuvraj Singh, SK Raina, MS Dhoni, R Ashwin, RA Jadeja, A Mishra, B Kumar, Mohammed Shami"
682943,2014-03-28,2014,T20I,India,Bangladesh,World T20,,Shere Bangla National Stadium,Mirpur,Won,India,8.0,wickets,R Ashwin,"RG Sharma, S Dhawan, V Kohli, MS Dhoni, SK Raina, Yuvraj Singh, R Ashwin, RA Jadeja, A Mishra, B Kumar, Mohammed Shami"
682951,2014-03-30,2014,T20I,India,Australia,World T20,,Shere Bangla National Stadium,Mirpur,Won,India,73.0,runs,R Ashwin,"RG Sharma, AM Rahane, V Kohli, Yuvraj Singh, SK Raina, MS Dhoni, RA Jadeja, R Ashwin, B Kumar, A Mishra, MM Sharma"
682963,2014-04-04,2014,T20I,India,South Africa,World T20,Semi Final,Shere Bangla National Stadium,Mirpur,Won,India,6.0,wickets,V Kohli,"RG Sharma, AM Rahane, V Kohli, Yuvraj Singh, SK Raina, MS Dhoni, R Ashwin, RA Jadeja, A Mishra, B Kumar, MM Sharma"
682965,2014-04-06,2014,T20I,India,Sri Lanka,World T20,Final,Shere Bangla National Stadium,Mirpur,Lost,Sri Lanka,6.0,wickets,KC Sangakkara,"RG Sharma, AM Rahane, V Kohli, Yuvraj Singh, MS Dhoni, SK Raina, R Ashwin, RA Jadeja, A Mishra, B Kumar, MM Sharma"
744679,2014-06-15,2014,ODI,India,Bangladesh,India in Bangladesh ODI Series,,Shere Bangla National Stadium,Mirpur,Won,India,7.0,wickets,AM Rahane,"RV Uthappa, AM Rahane, CA Pujara, AT Rayudu, SK Raina, WP Saha, AR Patel, Parvez Rasool, A Mishra, UT Yadav, MM Sharma"
744681,2014-06-17,2014,ODI,India,Bangladesh,India in Bangladesh ODI Series,,Shere Bangla National Stadium,Mirpur,Won,India,47.0,runs,STR Binny,"RV Uthappa, AM Rahane, CA Pujara, AT Rayudu, SK Raina, WP Saha, STR Binny, AR Patel, A Mishra, MM Sharma, UT Yadav"
744683,2014-06-19,2014,ODI,India,Bangladesh,India in Bangladesh ODI Series,,Shere Bangla National Stadium,Mirpur,No Result,,,,,"RV Uthappa, AM Rahane, CA Pujara, AT Rayudu, MK Tiwary, SK Raina, WP Saha, STR Binny, AR Patel, MM Sharma, UT Yadav"
667711,2014-07-09,2014,Test,India,England,Pataudi Trophy,,Trent Bridge,Nottingham,Draw,,,,JM Anderson,"M Vijay, S Dhawan, CA Pujara, V Kohli, AM Rahane, MS Dhoni, RA Jadeja, STR Binny, B Kumar, I Sharma, Mohammed Shami"
667713,2014-07-17,2014,Test,India,England,Pataudi Trophy,,Lord's,London,Won,India,95.0,runs,I Sharma,"M Vijay, S Dhawan, CA Pujara, V Kohli, AM Rahane, MS Dhoni, RA Jadeja, STR Binny, B Kumar, Mohammed Shami, I Sharma"
667715,2014-07-27,2014,Test,India,England,Pataudi Trophy,,The Rose Bowl,Southampton,Lost,England,266.0,runs,JM Anderson,"M Vijay, S Dhawan, CA Pujara, V Kohli, AM Rahane, RG Sharma, MS Dhoni, RA Jadeja, B Kumar, Mohammed Shami, Pankaj Singh"
667717,2014-08-07,2014,Test,India,England,Pataudi Trophy,,Old Trafford,Manchester,Lost,England,54.0,runs,SCJ Broad,"M Vijay, G Gambhir, CA Pujara, V Kohli, AM Rahane, MS Dhoni, RA Jadeja, R Ashwin, B Kumar, VR Aaron, Pankaj Singh"
667719,2014-08-15,2014,Test,India,England,Pataudi Trophy,,Kennington Oval,London,Lost,England,244.0,runs,JE Root,"M Vijay, G Gambhir, CA Pujara, V Kohli, AM Rahane, MS Dhoni, STR Binny, R Ashwin, B Kumar, VR Aaron, I Sharma"
667723,2014-08-27,2014,ODI,India,England,India in England ODI Series,,Sophia Gardens,Cardiff,Won,India,133.0,runs,SK Raina,"RG Sharma, S Dhawan, V Kohli, AM Rahane, SK Raina, MS Dhoni, RA Jadeja, R Ashwin, B Kumar, Mohammed Shami, MM Sharma"
667725,2014-08-30,2014,ODI,India,England,India in England ODI Series,,Trent Bridge,Nottingham,Won,India,6.0,wickets,R Ashwin,"AM Rahane, S Dhawan, V Kohli, AT Rayudu, SK Raina, RA Jadeja, MS Dhoni, R Ashwin, B Kumar, Mohammed Shami, MM Sharma"
667727,2014-09-02,2014,ODI,India,England,India in England ODI Series,,Edgbaston,Birmingham,Won,India,9.0,wickets,AM Rahane,"AM Rahane, S Dhawan, V Kohli, AT Rayudu, SK Raina, MS Dhoni, RA Jadeja, R Ashwin, DS Kulkarni, B Kumar, Mohammed Shami"
667729,2014-09-05,2014,ODI,India,England,India in England ODI Series,,Headingley,Leeds,Lost,England,41.0,runs,JE Root,"AM Rahane, S Dhawan, V Kohli, AT Rayudu, SK Raina, MS Dhoni, RA Jadeja, R Ashwin, B Kumar, Mohammed Shami, UT Yadav"
667731,2014-09-07,2014,T20I,India,England,,,Edgbaston,Birmingham,Lost,England,3.0,runs,EJG Morgan,"AM Rahane, S Dhawan, V Kohli, SK Raina, MS Dhoni, RA Jadeja, AT Rayudu, R Ashwin, KV Sharma, MM Sharma, Mohammed Shami"
770121,2014-10-08,2014,ODI,India,West Indies,West Indies in India ODI Series,,Nehru Stadium,Kochi,Lost,West Indies,124.0,runs,MN Samuels,"AM Rahane, S Dhawan, V Kohli, AT Rayudu, SK Raina, MS Dhoni, RA Jadeja, B Kumar, A Mishra, MM Sharma, Mohammed Shami"
770123,2014-10-11,2014,ODI,India,West Indies,West Indies in India ODI Series,,Feroz Shah Kotla,Delhi,Won,India,48.0,runs,Mohammed Shami,"AM Rahane, S Dhawan, AT Rayudu, V Kohli, SK Raina, MS Dhoni, RA Jadeja, B Kumar, Mohammed Shami, A Mishra, UT Yadav"
770127,2014-10-17,2014,ODI,India,West Indies,West Indies in India ODI Series,,Himachal Pradesh Cricket Association Stadium,Dharmasala,Won,India,59.0,runs,V Kohli,"AM Rahane, S Dhawan, V Kohli, SK Raina, MS Dhoni, RA Jadeja, AT Rayudu, AR Patel, B Kumar, Mohammed Shami, UT Yadav"
792289,2014-11-02,2014,ODI,India,Sri Lanka,Sri Lanka in India ODI Series,,Barabati Stadium,Cuttack,Won,India,169.0,runs,AM Rahane,"AM Rahane, S Dhawan, SK Raina, V Kohli, AT Rayudu, WP Saha, AR Patel, R Ashwin, UT Yadav, VR Aaron, I Sharma"
792291,2014-11-06,2014,ODI,India,Sri Lanka,Sri Lanka in India ODI Series,,"Sardar Patel Stadium, Motera",Ahmedabad,Won,India,6.0,wickets,AT Rayudu,"AM Rahane, S Dhawan, AT Rayudu, V Kohli, SK Raina, RA Jadeja, WP Saha, R Ashwin, AR Patel, UT Yadav, I Sharma"
792293,2014-11-09,2014,ODI,India,Sri Lanka,Sri Lanka in India ODI Series,,"Rajiv Gandhi International Stadium, Uppal",Hyderabad,Won,India,6.0,wickets,DPMD Jayawardene,"AM Rahane, S Dhawan, AT Rayudu, V Kohli, SK Raina, WP Saha, R Ashwin, UT Yadav, DS Kulkarni, I Sharma, AR Patel"
792295,2014-11-13,2014,ODI,India,Sri Lanka,Sri Lanka in India ODI Series,,Eden Gardens,Kolkata,Won,India,153.0,runs,RG Sharma,"AM Rahane, RG Sharma, AT Rayudu, V Kohli, SK Raina, RV Uthappa, STR Binny, AR Patel, KV Sharma, UT Yadav, DS Kulkarni"
792297,2014-11-16,2014,ODI,India,Sri Lanka,Sri Lanka in India ODI Series,,JSCA International Stadium Complex,Ranchi,Won,India,3.0,wickets,AD Mathews,"AM Rahane, RG Sharma, AT Rayudu, V Kohli, RV Uthappa, KM Jadhav, STR Binny, R Ashwin, AR Patel, KV Sharma, DS Kulkarni"
754737,2014-12-09,2014,Test,India,Australia,Border-Gavaskar Trophy,,Adelaide Oval,,Lost,Australia,48.0,runs,NM Lyon,"M Vijay, S Dhawan, CA Pujara, V Kohli, AM Rahane, RG Sharma, WP Saha, KV Sharma, Mohammed Shami, I Sharma, VR Aaron"
754739,2014-12-17,2014,Test,India,Australia,Border-Gavaskar Trophy,,"Brisbane Cricket Ground, Woolloongabba",Brisbane,Lost,Australia,4.0,wickets,SPD Smith,"M Vijay, S Dhawan, CA Pujara, V Kohli, AM Rahane, RG Sharma, MS Dhoni, R Ashwin, UT Yadav, VR Aaron, I Sharma"
754741,2014-12-26,2014,Test,India,Australia,Border-Gavaskar Trophy,,Melbourne Cricket Ground,,Draw,,,,RJ Harris,"M Vijay, S Dhawan, CA Pujara, V Kohli, AM Rahane, KL Rahul, MS Dhoni, R Ashwin, Mohammed Shami, UT Yadav, I Sharma"
754743,2015-01-06,2015,Test,India,Australia,Border-Gavaskar Trophy,,Sydney Cricket Ground,,Draw,,,,SPD Smith,"M Vijay, KL Rahul, RG Sharma, V Kohli, AM Rahane, SK Raina, WP Saha, R Ashwin, B Kumar, Mohammed Shami, UT Yadav"
754749,2015-01-18,2015,ODI,India,Australia,Carlton Mid One-Day International Tri-Series,,Melbourne Cricket Ground,,Lost,Australia,4.0,wickets,MA Starc,"RG Sharma, S Dhawan, AM Rahane, V Kohli, SK Raina, MS Dhoni, AR Patel, R Ashwin, B Kumar, Mohammed Shami, UT Yadav"
754753,2015-01-20,2015,ODI,India,England,Carlton Mid One-Day International Tri-Series,,"Brisbane Cricket Ground, Woolloongabba",Brisbane,Lost,England,9.0,wickets,ST Finn,"AM Rahane, S Dhawan, AT Rayudu, V Kohli, SK Raina, MS Dhoni, STR Binny, AR Patel, B Kumar, Mohammed Shami, UT Yadav"
754757,2015-01-26,2015,ODI,India,Australia,Carlton Mid One-Day International Tri-Series,,Sydney Cricket Ground,,No Result,,,,,"AM Rahane, S Dhawan, AT Rayudu, V Kohli, SK Raina, MS Dhoni, STR Binny, AR Patel, RA Jadeja, Mohammed Shami, I Sharma"
754759,2015-01-30,2015,ODI,India,England,Carlton Mid One-Day International Tri-Series,,Western Australia Cricket Association Ground,Perth,Lost,England,3.0,wickets,JWA Taylor,"AM Rahane, S Dhawan, V Kohli, SK Raina, AT Rayudu, MS Dhoni, STR Binny, RA Jadeja, AR Patel, MM Sharma, Mohammed Shami"
656405,2015-02-15,2015,ODI,India,Pakistan,ICC Cricket World Cup,,Adelaide Oval,,Won,India,76.0,runs,V Kohli,"RG Sharma, S Dhawan, V Kohli, SK Raina, MS Dhoni, RA Jadeja, AM Rahane, R Ashwin, Mohammed Shami, UT Yadav, MM Sharma"
656423,2015-02-22,2015,ODI,India,South Africa,ICC Cricket World Cup,,Melbourne Cricket Ground,,Won,India,130.0,runs,S Dhawan,"RG Sharma, S Dhawan, V Kohli, AM Rahane, SK Raina, MS Dhoni, RA Jadeja, R Ashwin, Mohammed Shami, UT Yadav, MM Sharma"
656439,2015-02-28,2015,ODI,India,United Arab Emirates,ICC Cricket World Cup,,Western Australia Cricket Association Ground,Perth,Won,India,9.0,wickets,R Ashwin,"RG Sharma, S Dhawan, V Kohli, AM Rahane, SK Raina, MS Dhoni, RA Jadeja, R Ashwin, B Kumar, UT Yadav, MM Sharma"
656453,2015-03-06,2015,ODI,India,West Indies,ICC Cricket World Cup,,Western Australia Cricket Association Ground,Perth,Won,India,4.0,wickets,Mohammed Shami,"RG Sharma, S Dhawan, V Kohli, AM Rahane, SK Raina, MS Dhoni, RA Jadeja, R Ashwin, MM Sharma, Mohammed Shami, UT Yadav"
656465,2015-03-10,2015,ODI,India,Ireland,ICC Cricket World Cup,,Seddon Park,Hamilton,Won,India,8.0,wickets,S Dhawan,"RG Sharma, S Dhawan, V Kohli, AM Rahane, SK Raina, MS Dhoni, RA Jadeja, R Ashwin, Mohammed Shami, MM Sharma, UT Yadav"
656475,2015-03-14,2015,ODI,India,Zimbabwe,ICC Cricket World Cup,,Eden Park,Auckland,Won,India,6.0,wickets,SK Raina,"RG Sharma, S Dhawan, V Kohli, AM Rahane, SK Raina, MS Dhoni, RA Jadeja, R Ashwin, MM Sharma, Mohammed Shami, UT Yadav"
656485,2015-03-19,2015,ODI,India,Bangladesh,ICC Cricket World Cup,Quarter Final,Melbourne Cricket Ground,,Won,India,109.0,runs,RG Sharma,"RG Sharma, S Dhawan, V Kohli, AM Rahane, SK Raina, MS Dhoni, RA Jadeja, R Ashwin, Mohammed Shami, MM Sharma, UT Yadav"
656493,2015-03-26,2015,ODI,India,Australia,ICC Cricket World Cup,Semi Final,Sydney Cricket Ground,,Lost,Australia,95.0,runs,SPD Smith,"RG Sharma, S Dhawan, V Kohli, AM Rahane, SK Raina, MS Dhoni, RA Jadeja, R Ashwin, Mohammed Shami, MM Sharma, UT Yadav"
870729,2015-06-10,2015,Test,India,Bangladesh,,,Khan Shaheb Osman Ali Stadium,Fatullah,Draw,,,,S Dhawan,"M Vijay, S Dhawan, RG Sharma, V Kohli, AM Rahane, WP Saha, R Ashwin, Harbhajan Singh, UT Yadav, I Sharma, VR Aaron"
870731,2015-06-18,2015,ODI,India,Bangladesh,India in Bangladesh ODI Series,,Shere Bangla National Stadium,Mirpur,Lost,Bangladesh,79.0,runs,Mustafizur Rahman,"RG Sharma, S Dhawan, V Kohli, AM Rahane, SK Raina, MS Dhoni, RA Jadeja, R Ashwin, B Kumar, MM Sharma, UT Yadav"
870733,2015-06-21,2015,ODI,India,Bangladesh,India in Bangladesh ODI Series,,Shere Bangla National Stadium,Mirpur,Lost,Bangladesh,6.0,wickets,Mustafizur Rahman,"RG Sharma, S Dhawan, V Kohli, MS Dhoni, AT Rayudu, SK Raina, RA Jadeja, AR Patel, R Ashwin, B Kumar, DS Kulkarni"
870735,2015-06-24,2015,ODI,India,Bangladesh,India in Bangladesh ODI Series,,Shere Bangla National Stadium,Mirpur,Won,India,77.0,runs,SK Raina,"RG Sharma, S Dhawan, V Kohli, MS Dhoni, AT Rayudu, SK Raina, STR Binny, AR Patel, R Ashwin, DS Kulkarni, UT Yadav"
885959,2015-07-10,2015,ODI,India,Zimbabwe,India in Zimbabwe ODI Series,,Harare Sports Club,,Won,India,4.0,runs,AT Rayudu,"AM Rahane, M Vijay, AT Rayudu, MK Tiwary, RV Uthappa, KM Jadhav, STR Binny, AR Patel, Harbhajan Singh, B Kumar, DS Kulkarni"
885965,2015-07-12,2015,ODI,India,Zimbabwe,India in Zimbabwe ODI Series,,Harare Sports Club,,Won,India,62.0,runs,M Vijay,"AM Rahane, M Vijay, AT Rayudu, MK Tiwary, RV Uthappa, STR Binny, KM Jadhav, Harbhajan Singh, AR Patel, B Kumar, DS Kulkarni"
885967,2015-07-14,2015,ODI,India,Zimbabwe,India in Zimbabwe ODI Series,,Harare Sports Club,,Won,India,83.0,runs,KM Jadhav,"AM Rahane, M Vijay, RV Uthappa, MK Tiwary, MK Pandey, KM Jadhav, STR Binny, Harbhajan Singh, AR Patel, B Kumar, MM Sharma"
885969,2015-07-17,2015,T20I,India,Zimbabwe,India in Zimbabwe T20I Series,,Harare Sports Club,,Won,India,54.0,runs,AR Patel,"AM Rahane, M Vijay, RV Uthappa, MK Pandey, KM Jadhav, STR Binny, Harbhajan Singh, AR Patel, B Kumar, MM Sharma, Sandeep Sharma"
885971,2015-07-19,2015,T20I,India,Zimbabwe,India in Zimbabwe T20I Series,,Harare Sports Club,,Lost,Zimbabwe,10.0,runs,CJ Chibhabha,"AM Rahane, M Vijay, RV Uthappa, MK Pandey, KM Jadhav, STR Binny, SV Samson, AR Patel, B Kumar, MM Sharma, Sandeep Sharma"
895773,2015-08-12,2015,Test,India,Sri Lanka,India in Sri Lanka Test Series,,Galle International Stadium,,Lost,Sri Lanka,63.0,runs,LD Chandimal,"KL Rahul, S Dhawan, RG Sharma, V Kohli, AM Rahane, WP Saha, R Ashwin, Harbhajan Singh, A Mishra, I Sharma, VR Aaron"
895775,2015-08-20,2015,Test,India,Sri Lanka,India in Sri Lanka Test Series,,P Sara Oval,Colombo,Won,India,278.0,runs,KL Rahul,"M Vijay, KL Rahul, AM Rahane, V Kohli, RG Sharma, STR Binny, WP Saha, R Ashwin, A Mishra, I Sharma, UT Yadav"
895777,2015-08-28,2015,Test,India,Sri Lanka,India in Sri Lanka Test Series,,Sinhalese Sports Club Ground,Colombo,Won,India,117.0,runs,CA Pujara,"KL Rahul, CA Pujara, AM Rahane, V Kohli, RG Sharma, STR Binny, NV Ojha, R Ashwin, A Mishra, I Sharma, UT Yadav"
903587,2015-10-02,2015,T20I,India,South Africa,South Africa in India T20I Series,,Himachal Pradesh Cricket Association Stadium,Dharmasala,Lost,South Africa,7.0,wickets,JP Duminy,"RG Sharma, S Dhawan, V Kohli, SK Raina, MS Dhoni, AT Rayudu, AR Patel, R Ashwin, B Kumar, MM Sharma, S Aravind"
903589,2015-10-05,2015,T20I,India,South Africa,South Africa in India T20I Series,,Barabati Stadium,Cuttack,Lost,South Africa,6.0,wickets,JA Morkel,"RG Sharma, S Dhawan, V Kohli, SK Raina, AT Rayudu, MS Dhoni, AR Patel, Harbhajan Singh, R Ashwin, B Kumar, MM Sharma"
903593,2015-10-11,2015,ODI,India,South Africa,South Africa in India ODI Series,,Green Park,Kanpur,Lost,South Africa,5.0,runs,AB de Villiers,"RG Sharma, S Dhawan, AM Rahane, V Kohli, MS Dhoni, SK Raina, STR Binny, B Kumar, A Mishra, R Ashwin, UT Yadav"
903595,2015-10-14,2015,ODI,India,South Africa,South Africa in India ODI Series,,Holkar Cricket Stadium,Indore,Won,India,22.0,runs,MS Dhoni,"RG Sharma, S Dhawan, AM Rahane, V Kohli, MS Dhoni, SK Raina, AR Patel, B Kumar, Harbhajan Singh, UT Yadav, MM Sharma"
903597,2015-10-18,2015,ODI,India,South Africa,South Africa in India ODI Series,,Saurashtra Cricket Association Stadium,Rajkot,Lost,South Africa,18.0,runs,M Morkel,"RG Sharma, S Dhawan, V Kohli, MS Dhoni, SK Raina, AM Rahane, AR Patel, Harbhajan Singh, B Kumar, MM Sharma, A Mishra"
903599,2015-10-22,2015,ODI,India,South Africa,South Africa in India ODI Series,,"MA Chidambaram Stadium, Chepauk",Chennai,Won,India,35.0,runs,V Kohli,"RG Sharma, S Dhawan, V Kohli, AM Rahane, SK Raina, MS Dhoni, Harbhajan Singh, AR Patel, B Kumar, MM Sharma, A Mishra"
903601,2015-10-25,2015,ODI,India,South Africa,South Africa in India ODI Series,,Wankhede Stadium,Mumbai,Lost,South Africa,214.0,runs,Q de Kock,"RG Sharma, S Dhawan, V Kohli, AM Rahane, SK Raina, MS Dhoni, AR Patel, Harbhajan Singh, B Kumar, A Mishra, MM Sharma"
903603,2015-11-05,2015,Test,India,South Africa,Freedom Trophy,,"Punjab Cricket Association Stadium, Mohali",Chandigarh,Won,India,108.0,runs,RA Jadeja,"M Vijay, S Dhawan, CA Pujara, V Kohli, AM Rahane, WP Saha, RA Jadeja, A Mishra, R Ashwin, UT Yadav, VR Aaron"
903605,2015-11-14,2015,Test,India,South Africa,Freedom Trophy,,M Chinnaswamy Stadium,Bangalore,Draw,,,,,"M Vijay, S Dhawan, CA Pujara, V Kohli, AM Rahane, WP Saha, RA Jadeja, STR Binny, R Ashwin, I Sharma, VR Aaron"
903607,2015-11-25,2015,Test,India,South Africa,Freedom Trophy,,"Vidarbha Cricket Association Stadium, Jamtha",Nagpur,Won,India,124.0,runs,R Ashwin,"M Vijay, S Dhawan, CA Pujara, V Kohli, AM Rahane, RG Sharma, WP Saha, RA Jadeja, R Ashwin, A Mishra, I Sharma"
903609,2015-12-03,2015,Test,India,South Africa,Freedom Trophy,,Feroz Shah Kotla,Delhi,Won,India,337.0,runs,AM Rahane,"M Vijay, S Dhawan, CA Pujara, V Kohli, AM Rahane, RG Sharma, WP Saha, RA Jadeja, R Ashwin, UT Yadav, I Sharma"
895807,2016-01-12,2016,ODI,India,Australia,India in Australia ODI Series,,Western Australia Cricket Association Ground,Perth,Lost,Australia,5.0,wickets,SPD Smith,"RG Sharma, S Dhawan, V Kohli, MS Dhoni, RA Jadeja, AM Rahane, MK Pandey, R Ashwin, UT Yadav, B Kumar, BB Sran"
895809,2016-01-15,2016,ODI,India,Australia,India in Australia ODI Series,,"Brisbane Cricket Ground, Woolloongabba",Brisbane,Lost,Australia,7.0,wickets,RG Sharma,"RG Sharma, S Dhawan, V Kohli, AM Rahane, MS Dhoni, MK Pandey, RA Jadeja, R Ashwin, UT Yadav, I Sharma, BB Sran"
895811,2016-01-17,2016,ODI,India,Australia,India in Australia ODI Series,,Melbourne Cricket Ground,,Lost,Australia,3.0,wickets,GJ Maxwell,"RG Sharma, S Dhawan, V Kohli, AM Rahane, MS Dhoni, Gurkeerat Singh, RA Jadeja, R Dhawan, I Sharma, UT Yadav, BB Sran"
895813,2016-01-20,2016,ODI,India,Australia,India in Australia ODI Series,,Manuka Oval,Canberra,Lost,Australia,25.0,runs,KW Richardson,"RG Sharma, S Dhawan, V Kohli, MS Dhoni, Gurkeerat Singh, RA Jadeja, AM Rahane, R Dhawan, B Kumar, UT Yadav, I Sharma"
895815,2016-01-23,2016,ODI,India,Australia,India in Australia ODI Series,,Sydney Cricket Ground,,Won,India,6.0,wickets,MK Pandey,"RG Sharma, S Dhawan, V Kohli, MK Pandey, MS Dhoni, Gurkeerat Singh, RA Jadeja, R Dhawan, JJ Bumrah, UT Yadav, I Sharma"
895817,2016-01-26,2016,T20I,India,Australia,India in Australia T20I Series,,Adelaide Oval,,Won,India,37.0,runs,V Kohli,"RG Sharma, S Dhawan, V Kohli, SK Raina, MS Dhoni, Yuvraj Singh, HH Pandya, RA Jadeja, R Ashwin, JJ Bumrah, A Nehra"
895819,2016-01-29,2016,T20I,India,Australia,India in Australia T20I Series,,Melbourne Cricket Ground,,Won,India,27.0,runs,V Kohli,"RG Sharma, S Dhawan, V Kohli, MS Dhoni, SK Raina, Yuvraj Singh, HH Pandya, RA Jadeja, R Ashwin, JJ Bumrah, A Nehra"
895821,2016-01-31,2016,T20I,India,Australia,India in Australia T20I Series,,Sydney Cricket Ground,,Won,India,7.0,wickets,SR Watson,"RG Sharma, S Dhawan, V Kohli, SK Raina, Yuvraj Singh, MS Dhoni, HH Pandya, RA Jadeja, R Ashwin, JJ Bumrah, A Nehra"
963697,2016-02-09,2016,T20I,India,Sri Lanka,Sri Lanka in India T20I Series,,Maharashtra Cricket Association Stadium,Pune,Lost,Sri Lanka,5.0,wickets,CAK Rajitha,"RG Sharma, S Dhawan, AM Rahane, SK Raina, Yuvraj Singh, MS Dhoni, HH Pandya, RA Jadeja, R Ashwin, A Nehra, JJ Bumrah"
963699,2016-02-12,2016,T20I,India,Sri Lanka,Sri Lanka in India T20I Series,,JSCA International Stadium Complex,Ranchi,Won,India,69.0,runs,S Dhawan,"RG Sharma, S Dhawan, AM Rahane, SK Raina, HH Pandya, MS Dhoni, Yuvraj Singh, RA Jadeja, R Ashwin, JJ Bumrah, A Nehra"
963701,2016-02-14,2016,T20I,India,Sri Lanka,Sri Lanka in India T20I Series,,Dr. Y.S. Rajasekhara Reddy ACA-VDCA Cricket Stadium,Visakhapatnam,Won,India,9.0,wickets,R Ashwin,"RG Sharma, S Dhawan, AM Rahane, SK Raina, Yuvraj Singh, MS Dhoni, HH Pandya, RA Jadeja, R Ashwin, JJ Bumrah, A Nehra"
966745,2016-02-24,2016,T20I,India,Bangladesh,Asia Cup,,Shere Bangla National Stadium,Dhaka,Won,India,45.0,runs,RG Sharma,"RG Sharma, S Dhawan, V Kohli, SK Raina, Yuvraj Singh, HH Pandya, MS Dhoni, RA Jadeja, R Ashwin, JJ Bumrah, A Nehra"
966751,2016-02-27,2016,T20I,India,Pakistan,Asia Cup,,Shere Bangla National Stadium,Mirpur,Won,India,5.0,wickets,V Kohli,"RG Sharma, AM Rahane, V Kohli, SK Raina, Yuvraj Singh, HH Pandya, MS Dhoni, RA Jadeja, R Ashwin, JJ Bumrah, A Nehra"
966757,2016-03-01,2016,T20I,India,Sri Lanka,Asia Cup,,Shere Bangla National Stadium,Mirpur,Won,India,5.0,wickets,V Kohli,"S Dhawan, RG Sharma, V Kohli, SK Raina, Yuvraj Singh, HH Pandya, MS Dhoni, RA Jadeja, R Ashwin, JJ Bumrah, A Nehra"
966761,2016-03-03,2016,T20I,India,United Arab Emirates,Asia Cup,,Shere Bangla National Stadium,Mirpur,Won,India,9.0,wickets,RG Sharma,"RG Sharma, S Dhawan, Yuvraj Singh, V Kohli, SK Raina, HH Pandya, MS Dhoni, P Negi, Harbhajan Singh, B Kumar, JJ Bumrah"
966765,2016-03-06,2016,T20I,India,Bangladesh,Asia Cup,Final,Shere Bangla National Stadium,Mirpur,Won,India,8.0,wickets,S Dhawan,"RG Sharma, S Dhawan, V Kohli, MS Dhoni, SK Raina, Yuvraj Singh, HH Pandya, RA Jadeja, R Ashwin, JJ Bumrah, A Nehra"
951329,2016-03-15,2016,T20I,India,New Zealand,World T20,Super 10,"Vidarbha Cricket Association Stadium, Jamtha",Nagpur,Lost,New Zealand,47.0,runs,MJ Santner,"RG Sharma, S Dhawan, V Kohli, SK Raina, Yuvraj Singh, MS Dhoni, HH Pandya, RA Jadeja, R Ashwin, A Nehra, JJ Bumrah"
951341,2016-03-19,2016,T20I,India,Pakistan,World T20,Super 10,Eden Gardens,Kolkata,Won,India,6.0,wickets,V Kohli,"RG Sharma, S Dhawan, V Kohli, SK Raina, Yuvraj Singh, MS Dhoni, HH Pandya, RA Jadeja, R Ashwin, JJ Bumrah, A Nehra"
951353,2016-03-23,2016,T20I,India,Bangladesh,World T20,Super 10,M Chinnaswamy Stadium,Bangalore,Won,India,1.0,runs,R Ashwin,"RG Sharma, S Dhawan, V Kohli, SK Raina, HH Pandya, MS Dhoni, Yuvraj Singh, RA Jadeja, R Ashwin, A Nehra, JJ Bumrah"
951363,2016-03-27,2016,T20I,India,Australia,World T20,Super 10,"Punjab Cricket Association IS Bindra Stadium, Mohali",Chandigarh,Won,India,6.0,wickets,V Kohli,"RG Sharma, S Dhawan, V Kohli, SK Raina, Yuvraj Singh, MS Dhoni, HH Pandya, RA Jadeja, R Ashwin, A Nehra, JJ Bumrah"
951371,2016-03-31,2016,T20I,India,West Indies,World T20,Semi Final,Wankhede Stadium,Mumbai,Lost,West Indies,7.0,wickets,LMP Simmons,"RG Sharma, AM Rahane, V Kohli, MS Dhoni, SK Raina, MK Pandey, HH Pandya, RA Jadeja, R Ashwin, JJ Bumrah, A Nehra"
1007649,2016-06-11,2016,ODI,India,Zimbabwe,India in Zimbabwe ODI Series,,Harare Sports Club,,Won,India,9.0,wickets,KL Rahul,"KL Rahul, KK Nair, AT Rayudu, MK Pandey, KM Jadhav, MS Dhoni, AR Patel, DS Kulkarni, JJ Bumrah, BB Sran, YS Chahal"
1007651,2016-06-13,2016,ODI,India,Zimbabwe,India in Zimbabwe ODI Series,,Harare Sports Club,,Won,India,8.0,wickets,YS Chahal,"KL Rahul, KK Nair, AT Rayudu, MK Pandey, KM Jadhav, MS Dhoni, AR Patel, DS Kulkarni, JJ Bumrah, BB Sran, YS Chahal"
1007653,2016-06-15,2016,ODI,India,Zimbabwe,India in Zimbabwe ODI Series,,Harare Sports Club,,Won,India,10.0,wickets,KL Rahul,"KL Rahul, FY Fazal, MK Pandey, AT Rayudu, KM Jadhav, MS Dhoni, AR Patel, DS Kulkarni, JJ Bumrah, BB Sran, YS Chahal"
1007655,2016-06-18,2016,T20I,India,Zimbabwe,India in Zimbabwe T20I Series,,Harare Sports Club,,Lost,Zimbabwe,2.0,runs,E Chigumbura,"KL Rahul, Mandeep Singh, AT Rayudu, MK Pandey, KM Jadhav, MS Dhoni, AR Patel, R Dhawan, JJ Bumrah, JD Unadkat, YS Chahal"
1007657,2016-06-20,2016,T20I,India,Zimbabwe,India in Zimbabwe T20I Series,,Harare Sports Club,,Won,India,10.0,wickets,BB Sran,"KL Rahul, Mandeep Singh, AT Rayudu, MK Pandey, KM Jadhav, MS Dhoni, AR Patel, DS Kulkarni, JJ Bumrah, BB Sran, YS Chahal"
1007659,2016-06-22,2016,T20I,India,Zimbabwe,India in Zimbabwe T20I Series,,Harare Sports Club,,Won,India,3.0,runs,KM Jadhav,"KL Rahul, Mandeep Singh, AT Rayudu, MK Pandey, KM Jadhav, MS Dhoni, AR Patel, DS Kulkarni, JJ Bumrah, BB Sran, YS Chahal"
1022593,2016-07-21,2016,Test,India,West Indies,India in West Indies Test Series,,"Sir Vivian Richards Stadium, North Sound",Antigua,Won,India,92.0,runs,R Ashwin,"M Vijay, S Dhawan, CA Pujara, V Kohli, AM Rahane, R Ashwin, WP Saha, A Mishra, Mohammed Shami, I Sharma, UT Yadav"
1022595,2016-07-30,2016,Test,India,West Indies,India in West Indies Test Series,,"Sabina Park, Kingston",Jamaica,Draw,,,,RL Chase,"KL Rahul, S Dhawan, CA Pujara, V Kohli, AM Rahane, R Ashwin, WP Saha, A Mishra, Mohammed Shami, UT Yadav, I Sharma"
1022597,2016-08-09,2016,Test,India,West Indies,India in West Indies Test Series,,"Darren Sammy National Cricket Stadium, Gros Islet",St Lucia,Won,India,237.0,runs,R Ashwin,"KL Rahul, S Dhawan, V Kohli, AM Rahane, RG Sharma, R Ashwin, WP Saha, RA Jadeja, B Kumar, Mohammed Shami, I Sharma"
1022599,2016-08-18,2016,Test,India,West Indies,India in West Indies Test Series,,"Queen's Park Oval, Port of Spain",Trinidad,Draw,,,,,"M Vijay, KL Rahul, V Kohli, AM Rahane, RG Sharma, R Ashwin, WP Saha, CA Pujara, B Kumar, Mohammed Shami, I Sharma"
1041615,2016-08-27,2016,T20I,India,West Indies,West Indies v India T20I Series,,Central Broward Regional Park Stadium Turf Ground,Lauderhill,Lost,West Indies,1.0,runs,E Lewis,"RG Sharma, AM Rahane, V Kohli, KL Rahul, MS Dhoni, STR Binny, R Ashwin, RA Jadeja, Mohammed Shami, JJ Bumrah, B Kumar"
1041617,2016-08-28,2016,T20I,India,West Indies,West Indies v India T20I Series,,Central Broward Regional Park Stadium Turf Ground,Lauderhill,No Result,,,,,"RG Sharma, AM Rahane, V Kohli, KL Rahul, MS Dhoni, RA Jadeja, R Ashwin, B Kumar, A Mishra, Mohammed Shami, JJ Bumrah"
1030213,2016-09-22,2016,Test,India,New Zealand,New Zealand in India Test Series,,Green Park,Kanpur,Won,India,197.0,runs,RA Jadeja,"KL Rahul, M Vijay, CA Pujara, V Kohli, AM Rahane, RG Sharma, R Ashwin, WP Saha, RA Jadeja, Mohammed Shami, UT Yadav"
1030215,2016-09-30,2016,Test,India,New Zealand,New Zealand in India Test Series,,Eden Gardens,Kolkata,Won,India,178.0,runs,WP Saha,"S Dhawan, M Vijay, CA Pujara, V Kohli, AM Rahane, RG Sharma, R Ashwin, WP Saha, RA Jadeja, B Kumar, Mohammed Shami"
1030217,2016-10-08,2016,Test,India,New Zealand,New Zealand in India Test Series,,Holkar Cricket Stadium,Indore,Won,India,321.0,runs,R Ashwin,"M Vijay, G Gambhir, CA Pujara, V Kohli, AM Rahane, RG Sharma, RA Jadeja, R Ashwin, WP Saha, Mohammed Shami, UT Yadav"
1030219,2016-10-16,2016,ODI,India,New Zealand,New Zealand in India ODI Series,,Himachal Pradesh Cricket Association Stadium,Dharmasala,Won,India,6.0,wickets,HH Pandya,"RG Sharma, AM Rahane, V Kohli, MK Pandey, MS Dhoni, KM Jadhav, HH Pandya, AR Patel, A Mishra, JJ Bumrah, UT Yadav"
1030221,2016-10-20,2016,ODI,India,New Zealand,New Zealand in India ODI Series,,Feroz Shah Kotla,Delhi,Lost,New Zealand,6.0,runs,KS Williamson,"RG Sharma, AM Rahane, V Kohli, MK Pandey, MS Dhoni, KM Jadhav, AR Patel, HH Pandya, A Mishra, UT Yadav, JJ Bumrah"
1030223,2016-10-23,2016,ODI,India,New Zealand,New Zealand in India ODI Series,,"Punjab Cricket Association Stadium, Mohali",Chandigarh,Won,India,7.0,wickets,V Kohli,"RG Sharma, AM Rahane, V Kohli, MS Dhoni, MK Pandey, KM Jadhav, AR Patel, HH Pandya, A Mishra, UT Yadav, JJ Bumrah"
1030225,2016-10-26,2016,ODI,India,New Zealand,New Zealand in India ODI Series,,JSCA International Stadium Complex,Ranchi,Lost,New Zealand,19.0,runs,MJ Guptill,"AM Rahane, RG Sharma, V Kohli, MS Dhoni, AR Patel, MK Pandey, KM Jadhav, HH Pandya, A Mishra, DS Kulkarni, UT Yadav"
1030227,2016-10-29,2016,ODI,India,New Zealand,New Zealand in India ODI Series,,Dr. Y.S. Rajasekhara Reddy ACA-VDCA Cricket Stadium,Visakhapatnam,Won,India,190.0,runs,A Mishra,"AM Rahane, RG Sharma, V Kohli, MS Dhoni, MK Pandey, KM Jadhav, AR Patel, J Yadav, A Mishra, UT Yadav, JJ Bumrah"
1034809,2016-11-09,2016,Test,India,England,England in India Test Series,,Saurashtra Cricket Association Stadium,Rajkot,Draw,,,,MM Ali,"M Vijay, G Gambhir, CA Pujara, V Kohli, A Mishra, AM Rahane, R Ashwin, WP Saha, RA Jadeja, UT Yadav, Mohammed Shami"
1034811,2016-11-17,2016,Test,India,England,England in India Test Series,,Dr. Y.S. Rajasekhara Reddy ACA-VDCA Cricket Stadium,Visakhapatnam,Won,India,246.0,runs,V Kohli,"M Vijay, KL Rahul, CA Pujara, V Kohli, AM Rahane, R Ashwin, WP Saha, RA Jadeja, J Yadav, UT Yadav, Mohammed Shami"
1034813,2016-11-26,2016,Test,India,England,England in India Test Series,,"Punjab Cricket Association IS Bindra Stadium, Mohali",Chandigarh,Won,India,8.0,wickets,RA Jadeja,"M Vijay, PA Patel, CA Pujara, V Kohli, AM Rahane, KK Nair, R Ashwin, RA Jadeja, J Yadav, UT Yadav, Mohammed Shami"
1034815,2016-12-08,2016,Test,India,England,England in India Test Series,,Wankhede Stadium,Mumbai,Won,India,36.0,runs,V Kohli,"KL Rahul, M Vijay, CA Pujara, V Kohli, KK Nair, PA Patel, R Ashwin, RA Jadeja, J Yadav, B Kumar, UT Yadav"
1034817,2016-12-16,2016,Test,India,England,England in India Test Series,,"MA Chidambaram Stadium, Chepauk",Chennai,Won,India,75.0,runs,KK Nair,"KL Rahul, PA Patel, CA Pujara, V Kohli, KK Nair, M Vijay, R Ashwin, RA Jadeja, UT Yadav, A Mishra, I Sharma"
1034819,2017-01-15,2017,ODI,India,England,England in India ODI Series,,Maharashtra Cricket Association Stadium,Pune,Won,India,3.0,wickets,KM Jadhav,"KL Rahul, S Dhawan, V Kohli, Yuvraj Singh, MS Dhoni, KM Jadhav, HH Pandya, RA Jadeja, R Ashwin, JJ Bumrah, UT Yadav"
1034821,2017-01-19,2017,ODI,India,England,England in India ODI Series,,Barabati Stadium,Cuttack,Won,India,15.0,runs,Yuvraj Singh,"KL Rahul, S Dhawan, V Kohli, Yuvraj Singh, MS Dhoni, KM Jadhav, HH Pandya, RA Jadeja, R Ashwin, JJ Bumrah, B Kumar"
1034823,2017-01-22,2017,ODI,India,England,England in India ODI Series,,Eden Gardens,Kolkata,Lost,England,5.0,runs,BA Stokes,"AM Rahane, KL Rahul, V Kohli, Yuvraj Singh, MS Dhoni, KM Jadhav, HH Pandya, RA Jadeja, R Ashwin, B Kumar, JJ Bumrah"
1034825,2017-01-26,2017,T20I,India,England,England in India T20I Series,,Green Park,Kanpur,Lost,England,7.0,wickets,MM Ali,"V Kohli, KL Rahul, SK Raina, Yuvraj Singh, MS Dhoni, MK Pandey, HH Pandya, Parvez Rasool, JJ Bumrah, A Nehra, YS Chahal"
1034827,2017-01-29,2017,T20I,India,England,England in India T20I Series,,"Vidarbha Cricket Association Stadium, Jamtha",Nagpur,Won,India,5.0,runs,JJ Bumrah,"V Kohli, KL Rahul, SK Raina, Yuvraj Singh, MK Pandey, MS Dhoni, HH Pandya, A Mishra, JJ Bumrah, A Nehra, YS Chahal"
1034829,2017-02-01,2017,T20I,India,England,England in India T20I Series,,M Chinnaswamy Stadium,Bangalore,Won,India,75.0,runs,YS Chahal,"V Kohli, KL Rahul, SK Raina, MS Dhoni, Yuvraj Singh, RR Pant, HH Pandya, A Mishra, JJ Bumrah, A Nehra, YS Chahal"
1041761,2017-02-09,2017,Test,India,Bangladesh,,,"Rajiv Gandhi International Stadium, Uppal",Hyderabad,Won,India,208.0,runs,V Kohli,"KL Rahul, M Vijay, CA Pujara, V Kohli, AM Rahane, WP Saha, R Ashwin, RA Jadeja, B Kumar, UT Yadav, I Sharma"
1062573,2017-02-23,2017,Test,India,Australia,Australia in India Test Series,,Maharashtra Cricket Association Stadium,Pune,Lost,Australia,333.0,runs,SNJ O'Keefe,"M Vijay, KL Rahul, CA Pujara, V Kohli, AM Rahane, R Ashwin, WP Saha, RA Jadeja, J Yadav, UT Yadav, I Sharma"
1062574,2017-03-04,2017,Test,India,Australia,Border-Gavaskar Trophy,,M Chinnaswamy Stadium,Bengaluru,Won,India,75.0,runs,KL Rahul,"KL Rahul, A Mukund, CA Pujara, V Kohli, AM Rahane, KK Nair, R Ashwin, WP Saha, RA Jadeja, UT Yadav, I Sharma"
1062575,2017-03-16,2017,Test,India,Australia,Border-Gavaskar Trophy,,JSCA International Stadium Complex,Ranchi,Draw,,,,CA Pujara,"KL Rahul, M Vijay, CA Pujara, V Kohli, AM Rahane, KK Nair, R Ashwin, WP Saha, RA Jadeja, UT Yadav, I Sharma"
1062576,2017-03-25,2017,Test,India,Australia,Border-Gavaskar Trophy,,Himachal Pradesh Cricket Association Stadium,Dharamsala,Won,India,8.0,wickets,RA Jadeja,"KL Rahul, M Vijay, CA Pujara, AM Rahane, KK Nair, R Ashwin, WP Saha, RA Jadeja, B Kumar, Kuldeep Yadav, UT Yadav"
1022353,2017-06-04,2017,ODI,India,Pakistan,ICC Champions Trophy,,Edgbaston,Birmingham,Won,India,124.0,runs,Yuvraj Singh,"RG Sharma, S Dhawan, V Kohli, Yuvraj Singh, HH Pandya, MS Dhoni, KM Jadhav, RA Jadeja, B Kumar, UT Yadav, JJ Bumrah"
1022361,2017-06-08,2017,ODI,India,Sri Lanka,ICC Champions Trophy,,Kennington Oval,London,Lost,Sri Lanka,7.0,wickets,BKG Mendis,"RG Sharma, S Dhawan, V Kohli, Yuvraj Singh, MS Dhoni, HH Pandya, KM Jadhav, RA Jadeja, B Kumar, UT Yadav, JJ Bumrah"
1022367,2017-06-11,2017,ODI,India,South Africa,ICC Champions Trophy,,Kennington Oval,London,Won,India,8.0,wickets,JJ Bumrah,"RG Sharma, S Dhawan, V Kohli, Yuvraj Singh, MS Dhoni, HH Pandya, KM Jadhav, RA Jadeja, B Kumar, R Ashwin, JJ Bumrah"
1022373,2017-06-15,2017,ODI,India,Bangladesh,ICC Champions Trophy,Semi Final,Edgbaston,Birmingham,Won,India,9.0,wickets,RG Sharma,"RG Sharma, S Dhawan, V Kohli, Yuvraj Singh, MS Dhoni, KM Jadhav, HH Pandya, RA Jadeja, R Ashwin, B Kumar, JJ Bumrah"
1022375,2017-06-18,2017,ODI,India,Pakistan,ICC Champions Trophy,Final,Kennington Oval,London,Lost,Pakistan,180.0,runs,Fakhar Zaman,"RG Sharma, S Dhawan, V Kohli, Yuvraj Singh, MS Dhoni, KM Jadhav, HH Pandya, RA Jadeja, R Ashwin, B Kumar, JJ Bumrah"
1098206,2017-06-23,2017,ODI,India,West Indies,India in West Indies ODI Series,,"Queen's Park Oval, Port of Spain",Trinidad,No Result,,,,,"AM Rahane, S Dhawan, V Kohli, Yuvraj Singh, MS Dhoni, KM Jadhav, HH Pandya, R Ashwin, Kuldeep Yadav, B Kumar, UT Yadav"
1098207,2017-06-25,2017,ODI,India,West Indies,India in West Indies ODI Series,,"Queen's Park Oval, Port of Spain",Trinidad,Won,India,105.0,runs,AM Rahane,"AM Rahane, S Dhawan, V Kohli, HH Pandya, Yuvraj Singh, MS Dhoni, KM Jadhav, R Ashwin, Kuldeep Yadav, B Kumar, UT Yadav"
1098208,2017-06-30,2017,ODI,India,West Indies,India in West Indies ODI Series,,"Sir Vivian Richards Stadium, North Sound",Antigua,Won,India,93.0,runs,MS Dhoni,"AM Rahane, S Dhawan, V Kohli, Yuvraj Singh, MS Dhoni, KM Jadhav, HH Pandya, R Ashwin, Kuldeep Yadav, B Kumar, UT Yadav"
1098209,2017-07-02,2017,ODI,India,West Indies,India in West Indies ODI Series,,"Sir Vivian Richards Stadium, North Sound",Antigua,Lost,West Indies,11.0,runs,JO Holder,"AM Rahane, S Dhawan, V Kohli, KD Karthik, MS Dhoni, KM Jadhav, HH Pandya, RA Jadeja, Kuldeep Yadav, UT Yadav, Mohammed Shami"
1098210,2017-07-06,2017,ODI,India,West Indies,India in West Indies ODI Series,,"Sabina Park, Kingston",Jamaica,Won,India,8.0,wickets,V Kohli,"AM Rahane, S Dhawan, V Kohli, KD Karthik, MS Dhoni, KM Jadhav, HH Pandya, RA Jadeja, Kuldeep Yadav, UT Yadav, Mohammed Shami"
1098211,2017-07-09,2017,T20I,India,West Indies,,,"Sabina Park, Kingston",Jamaica,Lost,West Indies,9.0,wickets,E Lewis,"V Kohli, S Dhawan, RR Pant, KD Karthik, MS Dhoni, KM Jadhav, RA Jadeja, R Ashwin, Kuldeep Yadav, Mohammed Shami, B Kumar"
1109602,2017-07-26,2017,Test,India,Sri Lanka,India tour of Sri Lanka,,Galle International Stadium,,Won,India,304.0,runs,S Dhawan,"S Dhawan, A Mukund, CA Pujara, V Kohli, AM Rahane, HH Pandya, WP Saha, R Ashwin, RA Jadeja, UT Yadav, Mohammed Shami"
1109603,2017-08-03,2017,Test,India,Sri Lanka,India tour of Sri Lanka,,Sinhalese Sports Club Ground,Colombo,Won,India,53.0,runs,RA Jadeja,"S Dhawan, KL Rahul, CA Pujara, V Kohli, AM Rahane, R Ashwin, WP Saha, HH Pandya, RA Jadeja, Mohammed Shami, UT Yadav"
1109604,2017-08-12,2017,Test,India,Sri Lanka,India tour of Sri Lanka,,Pallekele International Cricket Stadium,,Won,India,171.0,runs,HH Pandya,"S Dhawan, KL Rahul, CA Pujara, V Kohli, AM Rahane, R Ashwin, WP Saha, HH Pandya, Kuldeep Yadav, Mohammed Shami, UT Yadav"
1109605,2017-08-20,2017,ODI,India,Sri Lanka,India tour of Sri Lanka,,Rangiri Dambulla International Stadium,,Won,India,9.0,wickets,S Dhawan,"RG Sharma, S Dhawan, V Kohli, KL Rahul, MS Dhoni, KM Jadhav, HH Pandya, AR Patel, B Kumar, JJ Bumrah, YS Chahal"
1109606,2017-08-24,2017,ODI,India,Sri Lanka,India tour of Sri Lanka,,Pallekele International Cricket Stadium,,Won,India,3.0,wickets,A Dananjaya,"RG Sharma, S Dhawan, KL Rahul, KM Jadhav, V Kohli, MS Dhoni, HH Pandya, AR Patel, B Kumar, JJ Bumrah, YS Chahal"
1109607,2017-08-27,2017,ODI,India,Sri Lanka,India tour of Sri Lanka,,Pallekele International Cricket Stadium,,Won,India,6.0,wickets,JJ Bumrah,"RG Sharma, S Dhawan, V Kohli, KL Rahul, KM Jadhav, MS Dhoni, HH Pandya, AR Patel, B Kumar, JJ Bumrah, YS Chahal"
1109608,2017-08-31,2017,ODI,India,Sri Lanka,India tour of Sri Lanka,,"R.Premadasa Stadium, Khettarama",Colombo,Won,India,168.0,runs,V Kohli,"RG Sharma, S Dhawan, V Kohli, HH Pandya, KL Rahul, MK Pandey, MS Dhoni, AR Patel, Kuldeep Yadav, JJ Bumrah, SN Thakur"
1109609,2017-09-03,2017,ODI,India,Sri Lanka,India tour of Sri Lanka,,"R.Premadasa Stadium, Khettarama",Colombo,Won,India,6.0,wickets,B Kumar,"RG Sharma, AM Rahane, V Kohli, MK Pandey, KM Jadhav, MS Dhoni, JJ Bumrah, YS Chahal, Kuldeep Yadav, B Kumar, SN Thakur"
1109610,2017-09-06,2017,T20I,India,Sri Lanka,India tour of Sri Lanka,,"R.Premadasa Stadium, Khettarama",Colombo,Won,India,7.0,wickets,V Kohli,"RG Sharma, KL Rahul, V Kohli, MK Pandey, MS Dhoni, KM Jadhav, AR Patel, Kuldeep Yadav, B Kumar, YS Chahal, JJ Bumrah"
1119496,2017-09-17,2017,ODI,India,Australia,Australia tour of India,,"MA Chidambaram Stadium, Chepauk",Chennai,Won,India,26.0,runs,HH Pandya,"AM Rahane, RG Sharma, V Kohli, MK Pandey, KM Jadhav, MS Dhoni, HH Pandya, B Kumar, Kuldeep Yadav, YS Chahal, JJ Bumrah"
1119497,2017-09-21,2017,ODI,India,Australia,Australia tour of India,,Eden Gardens,Kolkata,Won,India,50.0,runs,V Kohli,"AM Rahane, RG Sharma, V Kohli, MK Pandey, KM Jadhav, MS Dhoni, HH Pandya, B Kumar, Kuldeep Yadav, JJ Bumrah, YS Chahal"
1119498,2017-09-24,2017,ODI,India,Australia,Australia tour of India,,Holkar Cricket Stadium,Indore,Won,India,5.0,wickets,HH Pandya,"AM Rahane, RG Sharma, V Kohli, HH Pandya, KM Jadhav, MK Pandey, MS Dhoni, B Kumar, Kuldeep Yadav, JJ Bumrah, YS Chahal"
1119499,2017-09-28,2017,ODI,India,Australia,Australia tour of India,,M.Chinnaswamy Stadium,Bengaluru,Lost,Australia,21.0,runs,DA Warner,"AM Rahane, RG Sharma, V Kohli, HH Pandya, KM Jadhav, MK Pandey, MS Dhoni, AR Patel, Mohammed Shami, UT Yadav, YS Chahal"
1119500,2017-10-01,2017,ODI,India,Australia,Australia tour of India,,"Vidarbha Cricket Association Stadium, Jamtha",Nagpur,Won,India,7.0,wickets,RG Sharma,"AM Rahane, RG Sharma, V Kohli, KM Jadhav, MK Pandey, HH Pandya, MS Dhoni, B Kumar, AR Patel, JJ Bumrah, Kuldeep Yadav"
1119501,2017-10-07,2017,T20I,India,Australia,Australia tour of India,,JSCA International Stadium Complex,Ranchi,Won,India,9.0,wickets,Kuldeep Yadav,"RG Sharma, S Dhawan, V Kohli, MK Pandey, KM Jadhav, MS Dhoni, HH Pandya, B Kumar, YS Chahal, Kuldeep Yadav, JJ Bumrah"
1119502,2017-10-10,2017,T20I,India,Australia,Australia tour of India,,Barsapara Cricket Stadium,Guwahati,Lost,Australia,8.0,wickets,JP Behrendorff,"RG Sharma, S Dhawan, V Kohli, MK Pandey, KM Jadhav, MS Dhoni, HH Pandya, B Kumar, Kuldeep Yadav, JJ Bumrah, YS Chahal"
1120090,2017-10-22,2017,ODI,India,New Zealand,New Zealand tour of India,,Wankhede Stadium,Mumbai,Lost,New Zealand,6.0,wickets,TWM Latham,"RG Sharma, S Dhawan, V Kohli, KM Jadhav, KD Karthik, MS Dhoni, HH Pandya, B Kumar, Kuldeep Yadav, JJ Bumrah, YS Chahal"
1120091,2017-10-25,2017,ODI,India,New Zealand,New Zealand tour of India,,Maharashtra Cricket Association Stadium,Pune,Won,India,6.0,wickets,B Kumar,"RG Sharma, S Dhawan, V Kohli, KD Karthik, HH Pandya, MS Dhoni, KM Jadhav, AR Patel, B Kumar, JJ Bumrah, YS Chahal"
1120092,2017-10-29,2017,ODI,India,New Zealand,New Zealand tour of India,,Green Park,Kanpur,Won,India,6.0,runs,RG Sharma,"RG Sharma, S Dhawan, V Kohli, HH Pandya, MS Dhoni, KM Jadhav, KD Karthik, AR Patel, B Kumar, JJ Bumrah, YS Chahal"
1120093,2017-11-01,2017,T20I,India,New Zealand,New Zealand tour of India,,Arun Jaitley Stadium,Delhi,Won,India,53.0,runs,S Dhawan,"RG Sharma, S Dhawan, HH Pandya, V Kohli, MS Dhoni, SS Iyer, AR Patel, B Kumar, A Nehra, YS Chahal, JJ Bumrah"
1120094,2017-11-04,2017,T20I,India,New Zealand,New Zealand tour of India,,Saurashtra Cricket Association Stadium,Rajkot,Lost,New Zealand,40.0,runs,C Munro,"RG Sharma, S Dhawan, SS Iyer, V Kohli, HH Pandya, MS Dhoni, AR Patel, B Kumar, JJ Bumrah, Mohammed Siraj, YS Chahal"
1120095,2017-11-07,2017,T20I,India,New Zealand,New Zealand tour of India,,Greenfield International Stadium,Thiruvananthapuram,Won,India,6.0,runs,JJ Bumrah,"RG Sharma, S Dhawan, V Kohli, SS Iyer, MK Pandey, HH Pandya, MS Dhoni, B Kumar, JJ Bumrah, Kuldeep Yadav, YS Chahal"
1122723,2017-11-16,2017,Test,India,Sri Lanka,Sri Lanka tour of India,,Eden Gardens,Kolkata,Draw,,,,B Kumar,"KL Rahul, S Dhawan, CA Pujara, V Kohli, AM Rahane, RA Jadeja, R Ashwin, WP Saha, B Kumar, Mohammed Shami, UT Yadav"
1122724,2017-11-24,2017,Test,India,Sri Lanka,Sri Lanka tour of India,,"Vidarbha Cricket Association Stadium, Jamtha",Nagpur,Won,India,239.0,runs,V Kohli,"KL Rahul, M Vijay, CA Pujara, V Kohli, AM Rahane, RG Sharma, R Ashwin, WP Saha, RA Jadeja, UT Yadav, I Sharma"
1122725,2017-12-02,2017,Test,India,Sri Lanka,Sri Lanka tour of India,,Arun Jaitley Stadium,Delhi,Draw,,,,V Kohli,"M Vijay, S Dhawan, AM Rahane, CA Pujara, V Kohli, RG Sharma, RA Jadeja, R Ashwin, WP Saha, I Sharma, Mohammed Shami"
1122726,2017-12-10,2017,ODI,India,Sri Lanka,Sri Lanka tour of India,,Himachal Pradesh Cricket Association Stadium,Dharamsala,Lost,Sri Lanka,7.0,wickets,RAS Lakmal,"RG Sharma, S Dhawan, SS Iyer, KD Karthik, MK Pandey, MS Dhoni, HH Pandya, B Kumar, Kuldeep Yadav, JJ Bumrah, YS Chahal"
1122727,2017-12-13,2017,ODI,India,Sri Lanka,Sri Lanka tour of India,,"Punjab Cricket Association IS Bindra Stadium, Mohali",Chandigarh,Won,India,141.0,runs,RG Sharma,"RG Sharma, S Dhawan, SS Iyer, MS Dhoni, HH Pandya, KD Karthik, MK Pandey, B Kumar, Washington Sundar, JJ Bumrah, YS Chahal"
1122728,2017-12-17,2017,ODI,India,Sri Lanka,Sri Lanka tour of India,,Dr. Y.S. Rajasekhara Reddy ACA-VDCA Cricket Stadium,Visakhapatnam,Won,India,8.0,wickets,Kuldeep Yadav,"RG Sharma, S Dhawan, SS Iyer, KD Karthik, MS Dhoni, HH Pandya, MK Pandey, B Kumar, Kuldeep Yadav, JJ Bumrah, YS Chahal"
1122729,2017-12-20,2017,T20I,India,Sri Lanka,Sri Lanka tour of India,,Barabati Stadium,Cuttack,Won,India,93.0,runs,YS Chahal,"RG Sharma, KL Rahul, SS Iyer, MS Dhoni, MK Pandey, KD Karthik, HH Pandya, Kuldeep Yadav, JJ Bumrah, JD Unadkat, YS Chahal"
1122730,2017-12-22,2017,T20I,India,Sri Lanka,Sri Lanka tour of India,,Holkar Cricket Stadium,Indore,Won,India,88.0,runs,RG Sharma,"RG Sharma, KL Rahul, MS Dhoni, HH Pandya, SS Iyer, MK Pandey, KD Karthik, Kuldeep Yadav, JJ Bumrah, JD Unadkat, YS Chahal"
1122731,2017-12-24,2017,T20I,India,Sri Lanka,Sri Lanka tour of India,,Wankhede Stadium,Mumbai,Won,India,5.0,wickets,JD Unadkat,"RG Sharma, KL Rahul, SS Iyer, MK Pandey, HH Pandya, KD Karthik, MS Dhoni, Washington Sundar, Kuldeep Yadav, JD Unadkat, Mohammed Siraj"
1122276,2018-01-05,2018,Test,India,South Africa,India tour of South Africa,,Newlands,Cape Town,Lost,South Africa,72.0,runs,VD Philander,"M Vijay, S Dhawan, CA Pujara, V Kohli, RG Sharma, WP Saha, HH Pandya, R Ashwin, B Kumar, Mohammed Shami, JJ Bumrah"
1122277,2018-01-13,2018,Test,India,South Africa,India tour of South Africa,,SuperSport Park,Centurion,Lost,South Africa,135.0,runs,L Ngidi,"M Vijay, KL Rahul, CA Pujara, V Kohli, PA Patel, RG Sharma, HH Pandya, R Ashwin, Mohammed Shami, I Sharma, JJ Bumrah"
1122278,2018-01-24,2018,Test,India,South Africa,India tour of South Africa,,The Wanderers Stadium,Johannesburg,Won,India,63.0,runs,B Kumar,"M Vijay, PA Patel, KL Rahul, CA Pujara, V Kohli, AM Rahane, HH Pandya, B Kumar, Mohammed Shami, I Sharma, JJ Bumrah"
1122279,2018-02-01,2018,ODI,India,South Africa,India tour of South Africa,,Kingsmead,Durban,Won,India,6.0,wickets,V Kohli,"RG Sharma, S Dhawan, V Kohli, AM Rahane, HH Pandya, MS Dhoni, KM Jadhav, B Kumar, Kuldeep Yadav, JJ Bumrah, YS Chahal"
1122280,2018-02-04,2018,ODI,India,South Africa,India tour of South Africa,,SuperSport Park,Centurion,Won,India,9.0,wickets,YS Chahal,"RG Sharma, S Dhawan, V Kohli, AM Rahane, MS Dhoni, KM Jadhav, HH Pandya, B Kumar, Kuldeep Yadav, JJ Bumrah, YS Chahal"
1122281,2018-02-07,2018,ODI,India,South Africa,India tour of South Africa,,Newlands,Cape Town,Won,India,124.0,runs,V Kohli,"RG Sharma, S Dhawan, V Kohli, AM Rahane, HH Pandya, MS Dhoni, KM Jadhav, B Kumar, Kuldeep Yadav, JJ Bumrah, YS Chahal"
1122282,2018-02-10,2018,ODI,India,South Africa,India tour of South Africa,,The Wanderers Stadium,Johannesburg,Lost,South Africa,5.0,wickets,H Klaasen,"RG Sharma, S Dhawan, V Kohli, AM Rahane, SS Iyer, MS Dhoni, HH Pandya, B Kumar, Kuldeep Yadav, JJ Bumrah, YS Chahal"
1122283,2018-02-13,2018,ODI,India,South Africa,India tour of South Africa,,St George's Park,Port Elizabeth,Won,India,73.0,runs,RG Sharma,"S Dhawan, RG Sharma, V Kohli, AM Rahane, SS Iyer, HH Pandya, MS Dhoni, B Kumar, Kuldeep Yadav, JJ Bumrah, YS Chahal"
1122284,2018-02-16,2018,ODI,India,South Africa,India tour of South Africa,,SuperSport Park,Centurion,Won,India,8.0,wickets,V Kohli,"S Dhawan, RG Sharma, V Kohli, AM Rahane, SS Iyer, MS Dhoni, HH Pandya, Kuldeep Yadav, SN Thakur, JJ Bumrah, YS Chahal"
1122285,2018-02-18,2018,T20I,India,South Africa,India tour of South Africa,,The Wanderers Stadium,Johannesburg,Won,India,28.0,runs,B Kumar,"RG Sharma, S Dhawan, SK Raina, V Kohli, MK Pandey, MS Dhoni, HH Pandya, B Kumar, JD Unadkat, JJ Bumrah, YS Chahal"
1122286,2018-02-21,2018,T20I,India,South Africa,India tour of South Africa,,SuperSport Park,Centurion,Lost,South Africa,6.0,wickets,H Klaasen,"S Dhawan, RG Sharma, SK Raina, V Kohli, MK Pandey, MS Dhoni, HH Pandya, B Kumar, JD Unadkat, YS Chahal, SN Thakur"
1122287,2018-02-24,2018,T20I,India,South Africa,India tour of South Africa,,Newlands,Cape Town,Won,India,7.0,runs,SK Raina,"RG Sharma, S Dhawan, SK Raina, MK Pandey, HH Pandya, MS Dhoni, KD Karthik, AR Patel, B Kumar, SN Thakur, JJ Bumrah"
1133817,2018-03-06,2018,T20I,India,Sri Lanka,Nidahas Trophy,,"R.Premadasa Stadium, Khettarama",Colombo,Lost,Sri Lanka,5.0,wickets,MDKJ Perera,"RG Sharma, S Dhawan, SK Raina, MK Pandey, RR Pant, KD Karthik, Washington Sundar, V Shankar, SN Thakur, JD Unadkat, YS Chahal"
1133818,2018-03-08,2018,T20I,India,Bangladesh,Nidahas Trophy,,"R.Premadasa Stadium, Khettarama",Colombo,Won,India,6.0,wickets,V Shankar,"RG Sharma, S Dhawan, RR Pant, SK Raina, MK Pandey, KD Karthik, V Shankar, Washington Sundar, SN Thakur, JD Unadkat, YS Chahal"
1133820,2018-03-12,2018,T20I,India,Sri Lanka,Nidahas Trophy,,"R.Premadasa Stadium, Khettarama",Colombo,Won,India,6.0,wickets,SN Thakur,"RG Sharma, S Dhawan, KL Rahul, SK Raina, MK Pandey, KD Karthik, V Shankar, Washington Sundar, SN Thakur, JD Unadkat, YS Chahal"
1133821,2018-03-14,2018,T20I,India,Bangladesh,Nidahas Trophy,,"R.Premadasa Stadium, Khettarama",Colombo,Won,India,17.0,runs,RG Sharma,"RG Sharma, S Dhawan, SK Raina, KD Karthik, KL Rahul, MK Pandey, V Shankar, Washington Sundar, SN Thakur, YS Chahal, Mohammed Siraj"
1133823,2018-03-18,2018,T20I,India,Bangladesh,Nidahas Trophy,Final,"R.Premadasa Stadium, Khettarama",Colombo,Won,India,4.0,wickets,KD Karthik,"S Dhawan, RG Sharma, SK Raina, KL Rahul, MK Pandey, V Shankar, KD Karthik, Washington Sundar, SN Thakur, YS Chahal, JD Unadkat"
1140992,2018-06-27,2018,T20I,India,Ireland,India tour of Ireland and England,,"The Village, Malahide",Dublin,Won,India,76.0,runs,Kuldeep Yadav,"RG Sharma, S Dhawan, SK Raina, MS Dhoni, HH Pandya, V Kohli, MK Pandey, B Kumar, Kuldeep Yadav, JJ Bumrah, YS Chahal"
1140993,2018-06-29,2018,T20I,India,Ireland,India tour of Ireland and England,,"The Village, Malahide",Dublin,Won,India,143.0,runs,KL Rahul,"KL Rahul, V Kohli, SK Raina, RG Sharma, MK Pandey, HH Pandya, KD Karthik, Kuldeep Yadav, S Kaul, UT Yadav, YS Chahal"
1119543,2018-07-03,2018,T20I,India,England,India tour of Ireland and England,,Old Trafford,Manchester,Won,India,8.0,wickets,Kuldeep Yadav,"S Dhawan, RG Sharma, KL Rahul, V Kohli, SK Raina, MS Dhoni, HH Pandya, YS Chahal, Kuldeep Yadav, B Kumar, UT Yadav"
1119544,2018-07-06,2018,T20I,India,England,India tour of Ireland and England,,Sophia Gardens,Cardiff,Lost,England,5.0,wickets,AD Hales,"RG Sharma, S Dhawan, KL Rahul, V Kohli, SK Raina, MS Dhoni, HH Pandya, YS Chahal, Kuldeep Yadav, B Kumar, UT Yadav"
1119545,2018-07-08,2018,T20I,India,England,India tour of Ireland and England,,County Ground,Bristol,Won,India,7.0,wickets,RG Sharma,"RG Sharma, S Dhawan, KL Rahul, V Kohli, HH Pandya, SK Raina, MS Dhoni, DL Chahar, UT Yadav, YS Chahal, S Kaul"
1119546,2018-07-12,2018,ODI,India,England,India tour of Ireland and England,,Trent Bridge,Nottingham,Won,India,8.0,wickets,Kuldeep Yadav,"RG Sharma, S Dhawan, V Kohli, KL Rahul, SK Raina, MS Dhoni, HH Pandya, S Kaul, Kuldeep Yadav, UT Yadav, YS Chahal"
1119547,2018-07-14,2018,ODI,India,England,India tour of Ireland and England,,Lord's,London,Lost,England,86.0,runs,JE Root,"RG Sharma, S Dhawan, V Kohli, KL Rahul, SK Raina, MS Dhoni, HH Pandya, UT Yadav, Kuldeep Yadav, S Kaul, YS Chahal"
1119548,2018-07-17,2018,ODI,India,England,India tour of Ireland and England,,Headingley,Leeds,Lost,England,8.0,wickets,AU Rashid,"RG Sharma, S Dhawan, V Kohli, KD Karthik, MS Dhoni, SK Raina, HH Pandya, B Kumar, SN Thakur, Kuldeep Yadav, YS Chahal"
1119549,2018-08-01,2018,Test,India,England,India tour of Ireland and England,,Edgbaston,Birmingham,Lost,England,31.0,runs,SM Curran,"M Vijay, S Dhawan, KL Rahul, V Kohli, AM Rahane, R Ashwin, KD Karthik, HH Pandya, Mohammed Shami, I Sharma, UT Yadav"
1119550,2018-08-09,2018,Test,India,England,India tour of Ireland and England,,Lord's,London,Lost,England,159.0,runs,CR Woakes,"M Vijay, KL Rahul, CA Pujara, AM Rahane, V Kohli, HH Pandya, KD Karthik, R Ashwin, Kuldeep Yadav, Mohammed Shami, I Sharma"
1119551,2018-08-18,2018,Test,India,England,India tour of Ireland and England,,Trent Bridge,Nottingham,Won,India,203.0,runs,V Kohli,"S Dhawan, KL Rahul, CA Pujara, V Kohli, AM Rahane, RR Pant, HH Pandya, Mohammed Shami, R Ashwin, I Sharma, JJ Bumrah"
1119552,2018-08-30,2018,Test,India,England,India tour of Ireland and England,,The Rose Bowl,Southampton,Lost,England,60.0,runs,MM Ali,"S Dhawan, KL Rahul, CA Pujara, V Kohli, AM Rahane, HH Pandya, RR Pant, R Ashwin, I Sharma, Mohammed Shami, JJ Bumrah"
1119553,2018-09-07,2018,Test,India,England,India tour of Ireland and England,,Kennington Oval,London,Lost,England,118.0,runs,AN Cook,"KL Rahul, S Dhawan, CA Pujara, V Kohli, AM Rahane, GH Vihari, RR Pant, RA Jadeja, I Sharma, Mohammed Shami, JJ Bumrah"
1153246,2018-09-18,2018,ODI,India,Hong Kong,Asia Cup,,Dubai International Cricket Stadium,,Won,India,26.0,runs,S Dhawan,"RG Sharma, S Dhawan, AT Rayudu, KD Karthik, MS Dhoni, KM Jadhav, B Kumar, SN Thakur, Kuldeep Yadav, KK Ahmed, YS Chahal"
1153247,2018-09-19,2018,ODI,India,Pakistan,Asia Cup,,Dubai International Cricket Stadium,,Won,India,8.0,wickets,B Kumar,"RG Sharma, S Dhawan, AT Rayudu, KD Karthik, MS Dhoni, KM Jadhav, HH Pandya, B Kumar, Kuldeep Yadav, YS Chahal, JJ Bumrah"
1153249,2018-09-21,2018,ODI,India,Bangladesh,Asia Cup,,Dubai International Cricket Stadium,,Won,India,7.0,wickets,RA Jadeja,"RG Sharma, S Dhawan, AT Rayudu, MS Dhoni, KD Karthik, KM Jadhav, RA Jadeja, B Kumar, Kuldeep Yadav, YS Chahal, JJ Bumrah"
1153251,2018-09-23,2018,ODI,India,Pakistan,Asia Cup,,Dubai International Cricket Stadium,,Won,India,9.0,wickets,S Dhawan,"RG Sharma, S Dhawan, AT Rayudu, KM Jadhav, MS Dhoni, KD Karthik, Kuldeep Yadav, RA Jadeja, YS Chahal, B Kumar, JJ Bumrah"
1153255,2018-09-28,2018,ODI,India,Bangladesh,Asia Cup,Final,Dubai International Cricket Stadium,,Won,India,3.0,wickets,Liton Das,"RG Sharma, S Dhawan, AT Rayudu, KD Karthik, MS Dhoni, KM Jadhav, RA Jadeja, B Kumar, Kuldeep Yadav, JJ Bumrah, YS Chahal"
1157752,2018-10-04,2018,Test,India,West Indies,West Indies tour of India,,Saurashtra Cricket Association Stadium,Rajkot,Won,India,272.0,runs,PP Shaw,"PP Shaw, KL Rahul, CA Pujara, V Kohli, AM Rahane, RR Pant, RA Jadeja, R Ashwin, Kuldeep Yadav, UT Yadav, Mohammed Shami"
1157753,2018-10-12,2018,Test,India,West Indies,West Indies tour of India,,"Rajiv Gandhi International Stadium, Uppal",Hyderabad,Won,India,10.0,wickets,UT Yadav,"PP Shaw, KL Rahul, CA Pujara, V Kohli, AM Rahane, RR Pant, R Ashwin, RA Jadeja, UT Yadav, Kuldeep Yadav, SN Thakur"
1157754,2018-10-21,2018,ODI,India,West Indies,West Indies tour of India,,Barsapara Cricket Stadium,Guwahati,Won,India,8.0,wickets,V Kohli,"RG Sharma, S Dhawan, V Kohli, AT Rayudu, RR Pant, MS Dhoni, RA Jadeja, YS Chahal, UT Yadav, Mohammed Shami, KK Ahmed"
1157755,2018-10-24,2018,ODI,India,West Indies,West Indies tour of India,,Dr. Y.S. Rajasekhara Reddy ACA-VDCA Cricket Stadium,Visakhapatnam,Tie,,,,V Kohli,"RG Sharma, S Dhawan, V Kohli, AT Rayudu, MS Dhoni, RR Pant, RA Jadeja, Mohammed Shami, YS Chahal, UT Yadav, Kuldeep Yadav"
1157756,2018-10-27,2018,ODI,India,West Indies,West Indies tour of India,,Maharashtra Cricket Association Stadium,Pune,Lost,West Indies,43.0,runs,AR Nurse,"RG Sharma, S Dhawan, V Kohli, AT Rayudu, RR Pant, MS Dhoni, B Kumar, Kuldeep Yadav, YS Chahal, KK Ahmed, JJ Bumrah"
1157757,2018-10-29,2018,ODI,India,West Indies,West Indies tour of India,,Brabourne Stadium,Mumbai,Won,India,224.0,runs,RG Sharma,"RG Sharma, S Dhawan, V Kohli, AT Rayudu, MS Dhoni, KM Jadhav, RA Jadeja, B Kumar, Kuldeep Yadav, KK Ahmed, JJ Bumrah"
1157758,2018-11-01,2018,ODI,India,West Indies,West Indies tour of India,,Greenfield International Stadium,Thiruvananthapuram,Won,India,9.0,wickets,RA Jadeja,"RG Sharma, S Dhawan, V Kohli, AT Rayudu, KM Jadhav, MS Dhoni, RA Jadeja, B Kumar, Kuldeep Yadav, KK Ahmed, JJ Bumrah"
1157759,2018-11-04,2018,T20I,India,West Indies,West Indies tour of India,,Eden Gardens,Kolkata,Won,India,5.0,wickets,Kuldeep Yadav,"RG Sharma, S Dhawan, KL Rahul, RR Pant, MK Pandey, KD Karthik, KH Pandya, Kuldeep Yadav, JJ Bumrah, KK Ahmed, UT Yadav"
1157760,2018-11-06,2018,T20I,India,West Indies,West Indies tour of India,,Bharat Ratna Shri Atal Bihari Vajpayee Ekana Cricket Stadium,Lucknow,Won,India,71.0,runs,RG Sharma,"RG Sharma, S Dhawan, RR Pant, KL Rahul, MK Pandey, KD Karthik, KH Pandya, Kuldeep Yadav, JJ Bumrah, KK Ahmed, B Kumar"
1157761,2018-11-11,2018,T20I,India,West Indies,West Indies tour of India,,"MA Chidambaram Stadium, Chepauk",Chennai,Won,India,6.0,wickets,S Dhawan,"S Dhawan, RG Sharma, KL Rahul, RR Pant, MK Pandey, KD Karthik, KH Pandya, YS Chahal, B Kumar, Washington Sundar, KK Ahmed"
1144990,2018-11-21,2018,T20I,India,Australia,India tour of Australia,,"Brisbane Cricket Ground, Woolloongabba",Brisbane,Lost,Australia,4.0,runs,A Zampa,"RG Sharma, S Dhawan, KL Rahul, V Kohli, RR Pant, KD Karthik, KH Pandya, B Kumar, Kuldeep Yadav, JJ Bumrah, KK Ahmed"
1144991,2018-11-23,2018,T20I,India,Australia,India tour of Australia,,Melbourne Cricket Ground,,No Result,,,,,"RG Sharma, S Dhawan, KL Rahul, V Kohli, RR Pant, KD Karthik, KH Pandya, Kuldeep Yadav, B Kumar, JJ Bumrah, KK Ahmed"
1144992,2018-11-25,2018,T20I,India,Australia,India tour of Australia,,Sydney Cricket Ground,,Won,India,6.0,wickets,KH Pandya,"RG Sharma, S Dhawan, V Kohli, KL Rahul, RR Pant, KD Karthik, KH Pandya, Kuldeep Yadav, B Kumar, JJ Bumrah, KK Ahmed"
1144993,2018-12-06,2018,Test,India,Australia,India tour of Australia,,Adelaide Oval,,Won,India,31.0,runs,CA Pujara,"KL Rahul, M Vijay, CA Pujara, V Kohli, AM Rahane, RG Sharma, RR Pant, R Ashwin, I Sharma, Mohammed Shami, JJ Bumrah"
1144994,2018-12-14,2018,Test,India,Australia,India tour of Australia,,Perth Stadium,,Lost,Australia,146.0,runs,NM Lyon,"KL Rahul, M Vijay, CA Pujara, V Kohli, AM Rahane, GH Vihari, RR Pant, UT Yadav, I Sharma, Mohammed Shami, JJ Bumrah"
1144995,2018-12-26,2018,Test,India,Australia,India tour of Australia,,Melbourne Cricket Ground,Melbourne,Won,India,137.0,runs,JJ Bumrah,"GH Vihari, MA Agarwal, CA Pujara, V Kohli, AM Rahane, RG Sharma, RR Pant, RA Jadeja, Mohammed Shami, I Sharma, JJ Bumrah"
1144996,2019-01-03,2019,Test,India,Australia,India tour of Australia,,Sydney Cricket Ground,Sydney,Draw,,,,CA Pujara,"MA Agarwal, KL Rahul, CA Pujara, V Kohli, AM Rahane, GH Vihari, RR Pant, RA Jadeja, Kuldeep Yadav, Mohammed Shami, JJ Bumrah"
1144997,2019-01-12,2019,ODI,India,Australia,India tour of Australia,,Sydney Cricket Ground,Sydney,Lost,Australia,34.0,runs,JA Richardson,"RG Sharma, S Dhawan, V Kohli, AT Rayudu, MS Dhoni, KD Karthik, RA Jadeja, B Kumar, Kuldeep Yadav, Mohammed Shami, KK Ahmed"
1144998,2019-01-15,2019,ODI,India,Australia,India tour of Australia,,Adelaide Oval,Adelaide,Won,India,6.0,wickets,V Kohli,"RG Sharma, S Dhawan, V Kohli, AT Rayudu, MS Dhoni, KD Karthik, RA Jadeja, Kuldeep Yadav, B Kumar, Mohammed Shami, Mohammed Siraj"
1144999,2019-01-18,2019,ODI,India,Australia,India tour of Australia,,Melbourne Cricket Ground,Melbourne,Won,India,7.0,wickets,YS Chahal,"RG Sharma, S Dhawan, V Kohli, MS Dhoni, KM Jadhav, KD Karthik, V Shankar, RA Jadeja, B Kumar, Mohammed Shami, YS Chahal"
1153691,2019-01-23,2019,ODI,India,New Zealand,India tour of New Zealand,,McLean Park,Napier,Won,India,8.0,wickets,Mohammed Shami,"RG Sharma, S Dhawan, V Kohli, AT Rayudu, KM Jadhav, MS Dhoni, V Shankar, Kuldeep Yadav, YS Chahal, B Kumar, Mohammed Shami"
1153692,2019-01-26,2019,ODI,India,New Zealand,India tour of New Zealand,,Bay Oval,Mount Maunganui,Won,India,90.0,runs,RG Sharma,"RG Sharma, S Dhawan, V Kohli, AT Rayudu, MS Dhoni, KM Jadhav, V Shankar, Kuldeep Yadav, YS Chahal, B Kumar, Mohammed Shami"
1153693,2019-01-28,2019,ODI,India,New Zealand,India tour of New Zealand,,Bay Oval,Mount Maunganui,Won,India,7.0,wickets,Mohammed Shami,"RG Sharma, S Dhawan, V Kohli, AT Rayudu, KD Karthik, KM Jadhav, HH Pandya, Kuldeep Yadav, YS Chahal, B Kumar, Mohammed Shami"
1153694,2019-01-31,2019,ODI,India,New Zealand,India tour of New Zealand,,Seddon Park,Hamilton,Lost,New Zealand,8.0,wickets,TA Boult,"RG Sharma, S Dhawan, Shubman Gill, AT Rayudu, KD Karthik, KM Jadhav, HH Pandya, B Kumar, Kuldeep Yadav, YS Chahal, KK Ahmed"
1153695,2019-02-03,2019,ODI,India,New Zealand,India tour of New Zealand,,Westpac Stadium,Wellington,Won,India,35.0,runs,AT Rayudu,"RG Sharma, S Dhawan, Shubman Gill, AT Rayudu, MS Dhoni, V Shankar, KM Jadhav, HH Pandya, B Kumar, Mohammed Shami, YS Chahal"
1153696,2019-02-06,2019,T20I,India,New Zealand,India tour of New Zealand,,Westpac Stadium,Wellington,Lost,New Zealand,80.0,runs,TL Seifert,"RG Sharma, S Dhawan, V Shankar, RR Pant, MS Dhoni, KD Karthik, HH Pandya, KH Pandya, B Kumar, YS Chahal, KK Ahmed"
1153697,2019-02-08,2019,T20I,India,New Zealand,India tour of New Zealand,,Eden Park,Auckland,Won,India,7.0,wickets,KH Pandya,"RG Sharma, S Dhawan, RR Pant, V Shankar, MS Dhoni, KD Karthik, HH Pandya, KH Pandya, B Kumar, YS Chahal, KK Ahmed"
1153698,2019-02-10,2019,T20I,India,New Zealand,India tour of New Zealand,,Seddon Park,Hamilton,Lost,New Zealand,4.0,runs,C Munro,"S Dhawan, RG Sharma, V Shankar, RR Pant, HH Pandya, MS Dhoni, KD Karthik, KH Pandya, B Kumar, Kuldeep Yadav, KK Ahmed"
1168247,2019-02-24,2019,T20I,India,Australia,Australia tour of India,,Dr. Y.S. Rajasekhara Reddy ACA-VDCA Cricket Stadium,Visakhapatnam,Lost,Australia,3.0,wickets,NM Coulter-Nile,"RG Sharma, KL Rahul, V Kohli, RR Pant, MS Dhoni, KD Karthik, KH Pandya, UT Yadav, YS Chahal, M Markande, JJ Bumrah"
1168248,2019-02-27,2019,T20I,India,Australia,Australia tour of India,,M.Chinnaswamy Stadium,Bengaluru,Lost,Australia,7.0,wickets,GJ Maxwell,"KL Rahul, S Dhawan, V Kohli, RR Pant, MS Dhoni, KD Karthik, V Shankar, KH Pandya, YS Chahal, JJ Bumrah, S Kaul"
1168242,2019-03-02,2019,ODI,India,Australia,Australia tour of India,,"Rajiv Gandhi International Stadium, Uppal",Hyderabad,Won,India,6.0,wickets,KM Jadhav,"RG Sharma, S Dhawan, V Kohli, AT Rayudu, MS Dhoni, KM Jadhav, V Shankar, RA Jadeja, Kuldeep Yadav, Mohammed Shami, JJ Bumrah"
1168243,2019-03-05,2019,ODI,India,Australia,Australia tour of India,,"Vidarbha Cricket Association Stadium, Jamtha",Nagpur,Won,India,8.0,runs,V Kohli,"RG Sharma, S Dhawan, V Kohli, AT Rayudu, V Shankar, KM Jadhav, MS Dhoni, RA Jadeja, Kuldeep Yadav, Mohammed Shami, JJ Bumrah"
1168244,2019-03-08,2019,ODI,India,Australia,Australia tour of India,,JSCA International Stadium Complex,Ranchi,Lost,Australia,32.0,runs,UT Khawaja,"S Dhawan, RG Sharma, V Kohli, AT Rayudu, MS Dhoni, KM Jadhav, V Shankar, RA Jadeja, Kuldeep Yadav, Mohammed Shami, JJ Bumrah"
1168245,2019-03-10,2019,ODI,India,Australia,Australia tour of India,,"Punjab Cricket Association IS Bindra Stadium, Mohali",Chandigarh,Lost,Australia,4.0,wickets,AJ Turner,"RG Sharma, S Dhawan, KL Rahul, V Kohli, RR Pant, KM Jadhav, V Shankar, B Kumar, Kuldeep Yadav, YS Chahal, JJ Bumrah"
1168246,2019-03-13,2019,ODI,India,Australia,Australia tour of India,,Arun Jaitley Stadium,Delhi,Lost,Australia,35.0,runs,UT Khawaja,"RG Sharma, S Dhawan, V Kohli, RR Pant, V Shankar, KM Jadhav, RA Jadeja, B Kumar, Mohammed Shami, Kuldeep Yadav, JJ Bumrah"
1144490,2019-06-05,2019,ODI,India,South Africa,World Cup,,The Rose Bowl,Southampton,Won,India,6.0,wickets,RG Sharma,"S Dhawan, RG Sharma, V Kohli, KL Rahul, MS Dhoni, HH Pandya, KM Jadhav, B Kumar, Kuldeep Yadav, YS Chahal, JJ Bumrah"
1144496,2019-06-09,2019,ODI,India,Australia,World Cup,,Kennington Oval,London,Won,India,36.0,runs,S Dhawan,"RG Sharma, S Dhawan, V Kohli, HH Pandya, MS Dhoni, KL Rahul, KM Jadhav, B Kumar, Kuldeep Yadav, YS Chahal, JJ Bumrah"
1144504,2019-06-16,2019,ODI,India,Pakistan,World Cup,,Old Trafford,Manchester,Won,India,89.0,runs,RG Sharma,"KL Rahul, RG Sharma, V Kohli, HH Pandya, MS Dhoni, V Shankar, KM Jadhav, B Kumar, Kuldeep Yadav, YS Chahal, JJ Bumrah"
1144516,2019-06-27,2019,ODI,India,West Indies,World Cup,,Old Trafford,Manchester,Won,India,125.0,runs,V Kohli,"KL Rahul, RG Sharma, V Kohli, V Shankar, KM Jadhav, MS Dhoni, HH Pandya, Mohammed Shami, Kuldeep Yadav, YS Chahal, JJ Bumrah"
1144520,2019-06-30,2019,ODI,India,England,World Cup,,Edgbaston,Birmingham,Lost,England,31.0,runs,JM Bairstow,"KL Rahul, RG Sharma, V Kohli, RR Pant, HH Pandya, MS Dhoni, KM Jadhav, Kuldeep Yadav, Mohammed Shami, YS Chahal, JJ Bumrah"
1144522,2019-07-02,2019,ODI,India,Bangladesh,World Cup,,Edgbaston,Birmingham,Won,India,28.0,runs,RG Sharma,"KL Rahul, RG Sharma, V Kohli, RR Pant, HH Pandya, MS Dhoni, KD Karthik, B Kumar, Mohammed Shami, JJ Bumrah, YS Chahal"
1144526,2019-07-06,2019,ODI,India,Sri Lanka,World Cup,,Headingley,Leeds,Won,India,7.0,wickets,RG Sharma,"KL Rahul, RG Sharma, V Kohli, RR Pant, HH Pandya, MS Dhoni, KD Karthik, RA Jadeja, B Kumar, JJ Bumrah, Kuldeep Yadav"
1144528,2019-07-09,2019,ODI,India,New Zealand,World Cup,Semi Final,Old Trafford,Manchester,Lost,New Zealand,18.0,runs,MJ Henry,"KL Rahul, RG Sharma, V Kohli, RR Pant, KD Karthik, HH Pandya, MS Dhoni, RA Jadeja, B Kumar, YS Chahal, JJ Bumrah"
1188621,2019-08-03,2019,T20I,India,West Indies,India tour of United States of America and West Indies,,Central Broward Regional Park Stadium Turf Ground,Lauderhill,Won,India,4.0,wickets,Navdeep Saini,"RG Sharma, S Dhawan, V Kohli, RR Pant, MK Pandey, KH Pandya, RA Jadeja, Washington Sundar, B Kumar, KK Ahmed, Navdeep Saini"
1188622,2019-08-04,2019,T20I,India,West Indies,India tour of United States of America and West Indies,,Central Broward Regional Park Stadium Turf Ground,Lauderhill,Won,India,22.0,runs,KH Pandya,"RG Sharma, S Dhawan, V Kohli, RR Pant, MK Pandey, KH Pandya, RA Jadeja, Washington Sundar, B Kumar, KK Ahmed, Navdeep Saini"
1188623,2019-08-06,2019,T20I,India,West Indies,India tour of United States of America and West Indies,,"Providence Stadium, Guyana",Providence,Won,India,7.0,wickets,DL Chahar,"KL Rahul, S Dhawan, V Kohli, RR Pant, MK Pandey, KH Pandya, DL Chahar, Washington Sundar, B Kumar, RD Chahar, Navdeep Saini"
1188624,2019-08-08,2019,ODI,India,West Indies,India tour of United States of America and West Indies,,"Providence Stadium, Guyana",Providence,No Result,,,,,"RG Sharma, S Dhawan, V Kohli, SS Iyer, KM Jadhav, RR Pant, RA Jadeja, B Kumar, Kuldeep Yadav, Mohammed Shami, KK Ahmed"
1188625,2019-08-11,2019,ODI,India,West Indies,India tour of United States of America and West Indies,,"Queen's Park Oval, Trinidad",Port of Spain,Won,India,59.0,runs,V Kohli,"S Dhawan, RG Sharma, V Kohli, RR Pant, SS Iyer, KM Jadhav, RA Jadeja, B Kumar, Mohammed Shami, Kuldeep Yadav, KK Ahmed"
1188626,2019-08-14,2019,ODI,India,West Indies,India tour of United States of America and West Indies,,"Queen's Park Oval, Trinidad",Port of Spain,Won,India,6.0,wickets,V Kohli,"RG Sharma, S Dhawan, V Kohli, RR Pant, SS Iyer, KM Jadhav, RA Jadeja, B Kumar, Mohammed Shami, KK Ahmed, YS Chahal"
1188628,2019-08-22,2019,Test,India,West Indies,India in West Indies Test Series,,"Sir Vivian Richards Stadium, Antigua",North Sound,Won,India,318.0,runs,AM Rahane,"KL Rahul, MA Agarwal, CA Pujara, V Kohli, AM Rahane, GH Vihari, RR Pant, RA Jadeja, I Sharma, Mohammed Shami, JJ Bumrah"
1188629,2019-08-30,2019,Test,India,West Indies,India in West Indies Test Series,,"Sabina Park, Jamaica",Kingston,Won,India,257.0,runs,GH Vihari,"KL Rahul, MA Agarwal, CA Pujara, V Kohli, AM Rahane, GH Vihari, RR Pant, RA Jadeja, I Sharma, Mohammed Shami, JJ Bumrah"
1187005,2019-09-18,2019,T20I,India,South Africa,South Africa tour of India,,"Punjab Cricket Association IS Bindra Stadium, Mohali",Chandigarh,Won,India,7.0,wickets,V Kohli,"RG Sharma, S Dhawan, V Kohli, RR Pant, SS Iyer, HH Pandya, RA Jadeja, KH Pandya, Washington Sundar, DL Chahar, Navdeep Saini"
1187006,2019-09-22,2019,T20I,India,South Africa,South Africa tour of India,,M.Chinnaswamy Stadium,Bengaluru,Lost,South Africa,9.0,wickets,BE Hendricks,"S Dhawan, RG Sharma, V Kohli, RR Pant, SS Iyer, HH Pandya, KH Pandya, RA Jadeja, Washington Sundar, DL Chahar, Navdeep Saini"
1187007,2019-10-02,2019,Test,India,South Africa,South Africa in India Test Series,,Dr. Y.S. Rajasekhara Reddy ACA-VDCA Cricket Stadium,Visakhapatnam,Won,India,203.0,runs,RG Sharma,"MA Agarwal, RG Sharma, CA Pujara, V Kohli, AM Rahane, RA Jadeja, GH Vihari, WP Saha, R Ashwin, I Sharma, Mohammed Shami"
1187008,2019-10-10,2019,Test,India,South Africa,South Africa in India Test Series,,Maharashtra Cricket Association Stadium,Pune,Won,India,137.0,runs,V Kohli,"MA Agarwal, RG Sharma, CA Pujara, V Kohli, AM Rahane, RA Jadeja, WP Saha, R Ashwin, I Sharma, Mohammed Shami, UT Yadav"
1187009,2019-10-19,2019,Test,India,South Africa,South Africa in India Test Series,,JSCA International Stadium Complex,Ranchi,Won,India,202.0,runs,RG Sharma,"MA Agarwal, RG Sharma, CA Pujara, V Kohli, AM Rahane, RA Jadeja, WP Saha, R Ashwin, UT Yadav, S Nadeem, Mohammed Shami"
1187013,2019-11-03,2019,T20I,India,Bangladesh,Bangladesh tour of India,,Arun Jaitley Stadium,Delhi,Lost,Bangladesh,7.0,wickets,Mushfiqur Rahim,"RG Sharma, S Dhawan, KL Rahul, SS Iyer, RR Pant, S Dube, KH Pandya, Washington Sundar, YS Chahal, DL Chahar, KK Ahmed"
1187014,2019-11-07,2019,T20I,India,Bangladesh,Bangladesh tour of India,,Saurashtra Cricket Association Stadium,Rajkot,Won,India,8.0,wickets,RG Sharma,"RG Sharma, S Dhawan, KL Rahul, SS Iyer, RR Pant, S Dube, KH Pandya, Washington Sundar, YS Chahal, DL Chahar, KK Ahmed"
1187015,2019-11-10,2019,T20I,India,Bangladesh,Bangladesh tour of India,,"Vidarbha Cricket Association Stadium, Jamtha",Nagpur,Won,India,30.0,runs,DL Chahar,"RG Sharma, S Dhawan, KL Rahul, SS Iyer, RR Pant, MK Pandey, S Dube, Washington Sundar, YS Chahal, DL Chahar, KK Ahmed"
1187016,2019-11-14,2019,Test,India,Bangladesh,Bangladesh in India Test Series,,Holkar Cricket Stadium,Indore,Won,India,130.0,runs,MA Agarwal,"MA Agarwal, RG Sharma, CA Pujara, V Kohli, AM Rahane, RA Jadeja, WP Saha, UT Yadav, R Ashwin, I Sharma, Mohammed Shami"
1187017,2019-11-22,2019,Test,India,Bangladesh,Bangladesh in India Test Series,,Eden Gardens,Kolkata,Won,India,46.0,runs,I Sharma,"MA Agarwal, RG Sharma, CA Pujara, V Kohli, AM Rahane, RA Jadeja, WP Saha, R Ashwin, UT Yadav, I Sharma, Mohammed Shami"
1187018,2019-12-06,2019,T20I,India,West Indies,West Indies tour of India,,"Rajiv Gandhi International Stadium, Uppal",Hyderabad,Won,India,6.0,wickets,V Kohli,"RG Sharma, KL Rahul, V Kohli, RR Pant, SS Iyer, S Dube, RA Jadeja, Washington Sundar, DL Chahar, B Kumar, YS Chahal"
1187019,2019-12-08,2019,T20I,India,West Indies,West Indies tour of India,,Greenfield International Stadium,Thiruvananthapuram,Lost,West Indies,8.0,wickets,LMP Simmons,"RG Sharma, KL Rahul, S Dube, V Kohli, RR Pant, SS Iyer, RA Jadeja, Washington Sundar, DL Chahar, B Kumar, YS Chahal"
1187020,2019-12-11,2019,T20I,India,West Indies,West Indies tour of India,,Wankhede Stadium,Mumbai,Won,India,67.0,runs,KL Rahul,"RG Sharma, KL Rahul, RR Pant, V Kohli, SS Iyer, S Dube, Washington Sundar, Kuldeep Yadav, B Kumar, Mohammed Shami, DL Chahar"
1187021,2019-12-15,2019,ODI,India,West Indies,West Indies tour of India,,"MA Chidambaram Stadium, Chepauk",Chennai,Lost,West Indies,8.0,wickets,SO Hetmyer,"RG Sharma, KL Rahul, V Kohli, SS Iyer, RR Pant, KM Jadhav, RA Jadeja, S Dube, DL Chahar, Mohammed Shami, Kuldeep Yadav"
1187022,2019-12-18,2019,ODI,India,West Indies,West Indies tour of India,,Dr. Y.S. Rajasekhara Reddy ACA-VDCA Cricket Stadium,Visakhapatnam,Won,India,107.0,runs,RG Sharma,"RG Sharma, KL Rahul, V Kohli, SS Iyer, RR Pant, KM Jadhav, RA Jadeja, DL Chahar, Mohammed Shami, SN Thakur, Kuldeep Yadav"
1187023,2019-12-22,2019,ODI,India,West Indies,West Indies tour of India,,Barabati Stadium,Cuttack,Won,India,4.0,wickets,V Kohli,"RG Sharma, KL Rahul, V Kohli, SS Iyer, RR Pant, KM Jadhav, RA Jadeja, SN Thakur, Mohammed Shami, Kuldeep Yadav, Navdeep Saini"
1202243,2020-01-07,2020,T20I,India,Sri Lanka,Sri Lanka tour of India,,Holkar Cricket Stadium,Indore,Won,India,7.0,wickets,Navdeep Saini,"KL Rahul, S Dhawan, SS Iyer, V Kohli, RR Pant, S Dube, Washington Sundar, SN Thakur, Kuldeep Yadav, JJ Bumrah, Navdeep Saini"
1202244,2020-01-10,2020,T20I,India,Sri Lanka,Sri Lanka tour of India,,Maharashtra Cricket Association Stadium,Pune,Won,India,78.0,runs,SN Thakur,"KL Rahul, S Dhawan, SV Samson, MK Pandey, SS Iyer, V Kohli, Washington Sundar, SN Thakur, YS Chahal, JJ Bumrah, Navdeep Saini"
1187027,2020-01-14,2020,ODI,India,Australia,Australia tour of India,,Wankhede Stadium,Mumbai,Lost,Australia,10.0,wickets,DA Warner,"RG Sharma, S Dhawan, KL Rahul, V Kohli, SS Iyer, RR Pant, RA Jadeja, SN Thakur, Mohammed Shami, Kuldeep Yadav, JJ Bumrah"
1187028,2020-01-17,2020,ODI,India,Australia,Australia tour of India,,Saurashtra Cricket Association Stadium,Rajkot,Won,India,36.0,runs,KL Rahul,"RG Sharma, S Dhawan, V Kohli, SS Iyer, KL Rahul, MK Pandey, RA Jadeja, Mohammed Shami, Kuldeep Yadav, Navdeep Saini, JJ Bumrah"
1187029,2020-01-19,2020,ODI,India,Australia,Australia tour of India,,M.Chinnaswamy Stadium,Bengaluru,Won,India,7.0,wickets,RG Sharma,"RG Sharma, KL Rahul, V Kohli, SS Iyer, MK Pandey, S Dhawan, RA Jadeja, Mohammed Shami, Kuldeep Yadav, Navdeep Saini, JJ Bumrah"
1187677,2020-01-24,2020,T20I,India,New Zealand,India tour of New Zealand,,Eden Park,Auckland,Won,India,6.0,wickets,SS Iyer,"RG Sharma, KL Rahul, V Kohli, SS Iyer, S Dube, MK Pandey, RA Jadeja, SN Thakur, YS Chahal, Mohammed Shami, JJ Bumrah"
1187678,2020-01-26,2020,T20I,India,New Zealand,India tour of New Zealand,,Eden Park,Auckland,Won,India,7.0,wickets,KL Rahul,"RG Sharma, KL Rahul, V Kohli, SS Iyer, S Dube, MK Pandey, RA Jadeja, SN Thakur, YS Chahal, Mohammed Shami, JJ Bumrah"
1187679,2020-01-29,2020,T20I,India,New Zealand,India tour of New Zealand,,Seddon Park,Hamilton,Tie,,,,RG Sharma,"RG Sharma, KL Rahul, S Dube, V Kohli, SS Iyer, MK Pandey, RA Jadeja, SN Thakur, YS Chahal, Mohammed Shami, JJ Bumrah"
1187680,2020-01-31,2020,T20I,India,New Zealand,India tour of New Zealand,,Westpac Stadium,Wellington,Tie,,,,SN Thakur,"KL Rahul, SV Samson, V Kohli, SS Iyer, S Dube, MK Pandey, Washington Sundar, SN Thakur, YS Chahal, Navdeep Saini, JJ Bumrah"
1187681,2020-02-02,2020,T20I,India,New Zealand,India tour of New Zealand,,Bay Oval,Mount Maunganui,Won,India,7.0,runs,JJ Bumrah,"KL Rahul, SV Samson, RG Sharma, SS Iyer, S Dube, MK Pandey, Washington Sundar, SN Thakur, YS Chahal, JJ Bumrah, Navdeep Saini"
1187682,2020-02-05,2020,ODI,India,New Zealand,India tour of New Zealand,,Seddon Park,Hamilton,Lost,New Zealand,4.0,wickets,LRPL Taylor,"PP Shaw, MA Agarwal, V Kohli, SS Iyer, KL Rahul, KM Jadhav, RA Jadeja, SN Thakur, Kuldeep Yadav, Mohammed Shami, JJ Bumrah"
1187683,2020-02-08,2020,ODI,India,New Zealand,India tour of New Zealand,,Eden Park,Auckland,Lost,New Zealand,22.0,runs,KA Jamieson,"PP Shaw, MA Agarwal, V Kohli, SS Iyer, KL Rahul, KM Jadhav, RA Jadeja, SN Thakur, Navdeep Saini, YS Chahal, JJ Bumrah"
1187684,2020-02-11,2020,ODI,India,New Zealand,India tour of New Zealand,,Bay Oval,Mount Maunganui,Lost,New Zealand,5.0,wickets,HM Nicholls,"PP Shaw, MA Agarwal, V Kohli, SS Iyer, KL Rahul, MK Pandey, RA Jadeja, SN Thakur, Navdeep Saini, YS Chahal, JJ Bumrah"
1187685,2020-02-21,2020,Test,India,New Zealand,India in New Zealand Test Series,,Basin Reserve,Wellington,Lost,New Zealand,10.0,wickets,TG Southee,"PP Shaw, MA Agarwal, CA Pujara, V Kohli, AM Rahane, GH Vihari, RR Pant, R Ashwin, I Sharma, Mohammed Shami, JJ Bumrah"
1187686,2020-02-29,2020,Test,India,New Zealand,India in New Zealand Test Series,,Hagley Oval,Christchurch,Lost,New Zealand,7.0,wickets,KA Jamieson,"PP Shaw, MA Agarwal, CA Pujara, V Kohli, AM Rahane, GH Vihari, RR Pant, RA Jadeja, UT Yadav, Mohammed Shami, JJ Bumrah"
1223955,2020-11-27,2020,ODI,India,Australia,India tour of Australia,,Sydney Cricket Ground,,Lost,Australia,66.0,runs,SPD Smith,"MA Agarwal, S Dhawan, V Kohli, SS Iyer, KL Rahul, HH Pandya, RA Jadeja, Navdeep Saini, Mohammed Shami, JJ Bumrah, YS Chahal"
1223956,2020-11-29,2020,ODI,India,Australia,India tour of Australia,,Sydney Cricket Ground,,Lost,Australia,51.0,runs,SPD Smith,"MA Agarwal, S Dhawan, V Kohli, SS Iyer, KL Rahul, HH Pandya, RA Jadeja, Navdeep Saini, Mohammed Shami, JJ Bumrah, YS Chahal"
1223957,2020-12-02,2020,ODI,India,Australia,India tour of Australia,,Manuka Oval,Canberra,Won,India,13.0,runs,HH Pandya,"S Dhawan, Shubman Gill, V Kohli, SS Iyer, KL Rahul, HH Pandya, RA Jadeja, SN Thakur, Kuldeep Yadav, JJ Bumrah, T Natarajan"
1223952,2020-12-04,2020,T20I,India,Australia,India tour of Australia,,Manuka Oval,Canberra,Won,India,11.0,runs,YS Chahal,"KL Rahul, S Dhawan, V Kohli, SV Samson, MK Pandey, HH Pandya, RA Jadeja, Washington Sundar, DL Chahar, Mohammed Shami, T Natarajan, YS Chahal"
1223953,2020-12-06,2020,T20I,India,Australia,India tour of Australia,,Sydney Cricket Ground,Sydney,Won,India,6.0,wickets,HH Pandya,"KL Rahul, S Dhawan, V Kohli, SV Samson, HH Pandya, SS Iyer, Washington Sundar, DL Chahar, SN Thakur, YS Chahal, T Natarajan"
1223954,2020-12-08,2020,T20I,India,Australia,India tour of Australia,,Sydney Cricket Ground,Sydney,Lost,Australia,12.0,runs,MJ Swepson,"KL Rahul, S Dhawan, V Kohli, SV Samson, SS Iyer, HH Pandya, Washington Sundar, SN Thakur, DL Chahar, YS Chahal, T Natarajan"
1223869,2020-12-17,2020,Test,India,Australia,India tour of Australia,,Adelaide Oval,Adelaide,Lost,Australia,8.0,wickets,TD Paine,"PP Shaw, MA Agarwal, CA Pujara, JJ Bumrah, V Kohli, AM Rahane, GH Vihari, WP Saha, R Ashwin, UT Yadav, Mohammed Shami"
1223870,2020-12-26,2020,Test,India,Australia,India tour of Australia,,Melbourne Cricket Ground,Melbourne,Won,India,8.0,wickets,AM Rahane,"MA Agarwal, Shubman Gill, CA Pujara, AM Rahane, GH Vihari, RR Pant, RA Jadeja, R Ashwin, UT Yadav, JJ Bumrah, Mohammed Siraj"
1223871,2021-01-07,2021,Test,India,Australia,India tour of Australia,,Sydney Cricket Ground,Sydney,Draw,,,,SPD Smith,"RG Sharma, Shubman Gill, CA Pujara, AM Rahane, RR Pant, GH Vihari, R Ashwin, RA Jadeja, Navdeep Saini, JJ Bumrah, Mohammed Siraj"
1223872,2021-01-15,2021,Test,India,Australia,India tour of Australia,,Brisbane Cricket Ground,Brisbane,Won,India,3.0,wickets,RR Pant,"RG Sharma, Shubman Gill, CA Pujara, AM Rahane, MA Agarwal, RR Pant, Washington Sundar, SN Thakur, Navdeep Saini, Mohammed Siraj, T Natarajan"
1243384,2021-02-05,2021,Test,India,England,England tour of India,,MA Chidambaram Stadium,Chennai,Lost,England,227.0,runs,JE Root,"RG Sharma, Shubman Gill, CA Pujara, V Kohli, AM Rahane, RR Pant, Washington Sundar, R Ashwin, S Nadeem, I Sharma, JJ Bumrah"
1243385,2021-02-13,2021,Test,India,England,England tour of India,,MA Chidambaram Stadium,Chennai,Won,India,317.0,runs,R Ashwin,"RG Sharma, Shubman Gill, CA Pujara, V Kohli, RR Pant, AM Rahane, R Ashwin, AR Patel, Kuldeep Yadav, I Sharma, Mohammed Siraj"
1243386,2021-02-24,2021,Test,India,England,England tour of India,,Narendra Modi Stadium,Ahmedabad,Won,India,10.0,wickets,AR Patel,"RG Sharma, Shubman Gill, CA Pujara, V Kohli, AM Rahane, RR Pant, R Ashwin, Washington Sundar, AR Patel, I Sharma, JJ Bumrah"
1243387,2021-03-04,2021,Test,India,England,England tour of India,,Narendra Modi Stadium,Ahmedabad,Won,India,25.0,runs,RR Pant,"Shubman Gill, RG Sharma, CA Pujara, V Kohli, AM Rahane, RR Pant, R Ashwin, Washington Sundar, AR Patel, I Sharma, Mohammed Siraj"
1243388,2021-03-12,2021,T20I,India,England,India v England,,Narendra Modi Stadium,Ahmedabad,Lost,England,8.0,wickets,JC Archer,"KL Rahul, S Dhawan, V Kohli, SS Iyer, RR Pant, HH Pandya, AR Patel, Washington Sundar, B Kumar, SN Thakur, YS Chahal"
1243389,2021-03-14,2021,T20I,India,England,England tour of India,,Narendra Modi Stadium,Ahmedabad,Won,India,7.0,wickets,Ishan Kishan,"KL Rahul, Ishan Kishan, V Kohli, RR Pant, SS Iyer, SA Yadav, HH Pandya, SN Thakur, Washington Sundar, B Kumar, YS Chahal"
1243390,2021-03-16,2021,T20I,India,England,England tour of India,,Narendra Modi Stadium,Ahmedabad,Lost,England,8.0,wickets,JC Buttler,"RG Sharma, KL Rahul, Ishan Kishan, V Kohli, RR Pant, SS Iyer, HH Pandya, SN Thakur, Washington Sundar, B Kumar, YS Chahal"
1243391,2021-03-18,2021,T20I,India,England,England tour of India,,Narendra Modi Stadium,Ahmedabad,Won,India,8.0,runs,SA Yadav,"RG Sharma, KL Rahul, SA Yadav, V Kohli, RR Pant, SS Iyer, HH Pandya, SN Thakur, Washington Sundar, B Kumar, RD Chahar"
1243392,2021-03-20,2021,T20I,India,England,England tour of India,,Narendra Modi Stadium,Ahmedabad,Won,India,36.0,runs,B Kumar,"RG Sharma, V Kohli, SA Yadav, HH Pandya, RR Pant, SS Iyer, SN Thakur, Washington Sundar, B Kumar, RD Chahar, T Natarajan"
1243393,2021-03-23,2021,ODI,India,England,England tour of India,,Maharashtra Cricket Association Stadium,Pune,Won,India,66.0,runs,S Dhawan,"RG Sharma, S Dhawan, V Kohli, SS Iyer, KL Rahul, HH Pandya, KH Pandya, SN Thakur, B Kumar, Kuldeep Yadav, M Prasidh Krishna"
1243394,2021-03-26,2021,ODI,India,England,England tour of India,,Maharashtra Cricket Association Stadium,Pune,Lost,England,6.0,wickets,JM Bairstow,"RG Sharma, S Dhawan, V Kohli, KL Rahul, RR Pant, HH Pandya, KH Pandya, SN Thakur, B Kumar, Kuldeep Yadav, M Prasidh Krishna"
1243395,2021-03-28,2021,ODI,India,England,England tour of India,,Maharashtra Cricket Association Stadium,Pune,Won,India,7.0,runs,SM Curran,"RG Sharma, S Dhawan, V Kohli, RR Pant, KL Rahul, HH Pandya, KH Pandya, SN Thakur, B Kumar, M Prasidh Krishna, T Natarajan"
1249875,2021-06-18,2021,Test,India,New Zealand,ICC World Test Championship,Final,"The Rose Bowl, Southampton",Southampton,Lost,New Zealand,8.0,wickets,KA Jamieson,"RG Sharma, Shubman Gill, CA Pujara, V Kohli, AM Rahane, RR Pant, RA Jadeja, R Ashwin, I Sharma, JJ Bumrah, Mohammed Shami"
1262755,2021-07-18,2021,ODI,India,Sri Lanka,India tour of Sri Lanka,,"R Premadasa Stadium, Colombo",Colombo,Won,India,7.0,wickets,PP Shaw,"PP Shaw, S Dhawan, Ishan Kishan, MK Pandey, SA Yadav, HH Pandya, KH Pandya, B Kumar, DL Chahar, Kuldeep Yadav, YS Chahal"
1262756,2021-07-20,2021,ODI,India,Sri Lanka,India tour of Sri Lanka,,"R Premadasa Stadium, Colombo",Colombo,Won,India,3.0,wickets,DL Chahar,"PP Shaw, S Dhawan, Ishan Kishan, MK Pandey, SA Yadav, HH Pandya, KH Pandya, DL Chahar, B Kumar, Kuldeep Yadav, YS Chahal"
1262757,2021-07-23,2021,ODI,India,Sri Lanka,India tour of Sri Lanka,,"R Premadasa Stadium, Colombo",Colombo,Lost,Sri Lanka,3.0,wickets,WIA Fernando,"PP Shaw, S Dhawan, SV Samson, MK Pandey, SA Yadav, HH Pandya, N Rana, K Gowtham, RD Chahar, Navdeep Saini, C Sakariya"
1262758,2021-07-25,2021,T20I,India,Sri Lanka,India tour of Sri Lanka,,"R Premadasa Stadium, Colombo",Colombo,Won,India,38.0,runs,B Kumar,"PP Shaw, S Dhawan, SV Samson, SA Yadav, HH Pandya, Ishan Kishan, KH Pandya, DL Chahar, B Kumar, YS Chahal, CV Varun"
1262759,2021-07-28,2021,T20I,India,Sri Lanka,India tour of Sri Lanka,,"R Premadasa Stadium, Colombo",Colombo,Lost,Sri Lanka,4.0,wickets,DM de Silva,"RD Gaikwad, S Dhawan, D Padikkal, SV Samson, N Rana, B Kumar, Navdeep Saini, Kuldeep Yadav, RD Chahar, C Sakariya, CV Varun"
1262760,2021-07-29,2021,T20I,India,Sri Lanka,India tour of Sri Lanka,,"R Premadasa Stadium, Colombo",Colombo,Lost,Sri Lanka,7.0,wickets,PWH de Silva,"RD Gaikwad, S Dhawan, D Padikkal, SV Samson, N Rana, B Kumar, Kuldeep Yadav, RD Chahar, CV Varun, C Sakariya, S Sandeep Warrier"
1239543,2021-08-04,2021,Test,India,England,India tour of England,,"Trent Bridge, Nottingham",Nottingham,Draw,,,,JE Root,"RG Sharma, KL Rahul, CA Pujara, V Kohli, AM Rahane, RR Pant, RA Jadeja, SN Thakur, Mohammed Shami, JJ Bumrah, Mohammed Siraj"
1239544,2021-08-12,2021,Test,India,England,India tour of England,,"Lord's, London",London,Won,India,151.0,runs,KL Rahul,"RG Sharma, KL Rahul, CA Pujara, V Kohli, AM Rahane, RR Pant, RA Jadeja, Mohammed Shami, I Sharma, JJ Bumrah, Mohammed Siraj"
1239545,2021-08-25,2021,Test,India,England,India tour of England,,"Headingley, Leeds",Leeds,Lost,England,76.0,runs,OE Robinson,"RG Sharma, KL Rahul, CA Pujara, V Kohli, AM Rahane, RR Pant, RA Jadeja, Mohammed Shami, I Sharma, JJ Bumrah, Mohammed Siraj"
1239546,2021-09-02,2021,Test,India,England,India tour of England,,"Kennington Oval, London",London,Won,India,157.0,runs,RG Sharma,"RG Sharma, KL Rahul, CA Pujara, V Kohli, RA Jadeja, AM Rahane, RR Pant, SN Thakur, UT Yadav, JJ Bumrah, Mohammed Siraj"
1273727,2021-10-24,2021,T20I,India,Pakistan,ICC Men's T20 World Cup,,Dubai International Cricket Stadium,Dubai,Lost,Pakistan,10.0,wickets,Shaheen Shah Afridi,"KL Rahul, RG Sharma, V Kohli, SA Yadav, RR Pant, RA Jadeja, HH Pandya, B Kumar, Mohammed Shami, JJ Bumrah, CV Varun"
1273739,2021-10-31,2021,T20I,India,New Zealand,ICC Men's T20 World Cup,,Dubai International Cricket Stadium,Dubai,Lost,New Zealand,8.0,wickets,IS Sodhi,"KL Rahul, Ishan Kishan, RG Sharma, V Kohli, RR Pant, HH Pandya, RA Jadeja, SN Thakur, Mohammed Shami, JJ Bumrah, CV Varun"
1273748,2021-11-05,2021,T20I,India,Scotland,ICC Men's T20 World Cup,,Dubai International Cricket Stadium,Dubai,Won,India,8.0,wickets,RA Jadeja,"KL Rahul, RG Sharma, V Kohli, SA Yadav, RR Pant, HH Pandya, RA Jadeja, R Ashwin, Mohammed Shami, JJ Bumrah, CV Varun"
1273753,2021-11-08,2021,T20I,India,Namibia,ICC Men's T20 World Cup,,Dubai International Cricket Stadium,Dubai,Won,India,9.0,wickets,RA Jadeja,"KL Rahul, RG Sharma, SA Yadav, V Kohli, RR Pant, HH Pandya, RA Jadeja, R Ashwin, Mohammed Shami, JJ Bumrah, RD Chahar"
1278671,2021-11-17,2021,T20I,India,New Zealand,New Zealand tour of India,,"Sawai Mansingh Stadium, Jaipur",Jaipur,Won,India,5.0,wickets,SA Yadav,"KL Rahul, RG Sharma, SA Yadav, RR Pant, SS Iyer, VR Iyer, AR Patel, R Ashwin, B Kumar, DL Chahar, Mohammed Siraj"
1278672,2021-11-19,2021,T20I,India,New Zealand,New Zealand tour of India,,"JSCA International Stadium Complex, Ranchi",Ranchi,Won,India,7.0,wickets,HV Patel,"KL Rahul, RG Sharma, VR Iyer, SA Yadav, RR Pant, SS Iyer, AR Patel, R Ashwin, B Kumar, DL Chahar, HV Patel"
1278673,2021-11-21,2021,T20I,India,New Zealand,New Zealand tour of India,,"Eden Gardens, Kolkata",Kolkata,Won,India,73.0,runs,AR Patel,"RG Sharma, Ishan Kishan, SA Yadav, RR Pant, SS Iyer, VR Iyer, AR Patel, HV Patel, DL Chahar, B Kumar, YS Chahal"
1278674,2021-11-25,2021,Test,India,New Zealand,New Zealand tour of India,,"Green Park, Kanpur",Kanpur,Draw,,,,SS Iyer,"MA Agarwal, Shubman Gill, CA Pujara, AM Rahane, SS Iyer, RA Jadeja, WP Saha, R Ashwin, AR Patel, UT Yadav, I Sharma"
1278675,2021-12-03,2021,Test,India,New Zealand,New Zealand tour of India,,"Wankhede Stadium, Mumbai",Mumbai,Won,India,372.0,runs,MA Agarwal,"MA Agarwal, Shubman Gill, CA Pujara, V Kohli, SS Iyer, WP Saha, R Ashwin, AR Patel, J Yadav, UT Yadav, Mohammed Siraj"
1277079,2021-12-26,2021,Test,India,South Africa,India tour of South Africa,,"SuperSport Park, Centurion",Centurion,Won,India,113.0,runs,KL Rahul,"KL Rahul, MA Agarwal, CA Pujara, V Kohli, AM Rahane, RR Pant, R Ashwin, SN Thakur, Mohammed Shami, JJ Bumrah, Mohammed Siraj"
1277080,2022-01-03,2022,Test,India,South Africa,India tour of South Africa,,"The Wanderers Stadium, Johannesburg",Johannesburg,Lost,South Africa,7.0,wickets,D Elgar,"KL Rahul, MA Agarwal, CA Pujara, AM Rahane, GH Vihari, RR Pant, R Ashwin, SN Thakur, Mohammed Shami, JJ Bumrah, Mohammed Siraj"
1277081,2022-01-11,2022,Test,India,South Africa,India tour of South Africa,,"Newlands, Cape Town",Cape Town,Lost,South Africa,7.0,wickets,KD Petersen,"KL Rahul, MA Agarwal, CA Pujara, V Kohli, AM Rahane, RR Pant, R Ashwin, SN Thakur, JJ Bumrah, UT Yadav, Mohammed Shami"
1277082,2022-01-19,2022,ODI,India,South Africa,India tour of South Africa,,"Boland Park, Paarl",Paarl,Lost,South Africa,31.0,runs,HE van der Dussen,"KL Rahul, S Dhawan, V Kohli, RR Pant, SS Iyer, VR Iyer, R Ashwin, SN Thakur, B Kumar, JJ Bumrah, YS Chahal"
1277083,2022-01-21,2022,ODI,India,South Africa,India tour of South Africa,,"Boland Park, Paarl",Paarl,Lost,South Africa,7.0,wickets,Q de Kock,"KL Rahul, S Dhawan, V Kohli, RR Pant, SS Iyer, VR Iyer, SN Thakur, R Ashwin, B Kumar, JJ Bumrah, YS Chahal"
1277084,2022-01-23,2022,ODI,India,South Africa,India tour of South Africa,,"Newlands, Cape Town",Cape Town,Lost,South Africa,4.0,runs,Q de Kock,"KL Rahul, S Dhawan, V Kohli, RR Pant, SS Iyer, SA Yadav, DL Chahar, J Yadav, JJ Bumrah, YS Chahal, M Prasidh Krishna"
1278676,2022-02-06,2022,ODI,India,West Indies,West Indies tour of India,,"Narendra Modi Stadium, Ahmedabad",Ahmedabad,Won,India,6.0,wickets,YS Chahal,"RG Sharma, Ishan Kishan, V Kohli, RR Pant, SA Yadav, DJ Hooda, Washington Sundar, SN Thakur, Mohammed Siraj, YS Chahal, M Prasidh Krishna"
1278677,2022-02-09,2022,ODI,India,West Indies,West Indies tour of India,,"Narendra Modi Stadium, Ahmedabad",Ahmedabad,Won,India,44.0,runs,M Prasidh Krishna,"RG Sharma, RR Pant, V Kohli, KL Rahul, SA Yadav, Washington Sundar, DJ Hooda, SN Thakur, Mohammed Siraj, YS Chahal, M Prasidh Krishna"
1278678,2022-02-11,2022,ODI,India,West Indies,West Indies tour of India,,"Narendra Modi Stadium, Ahmedabad",Ahmedabad,Won,India,96.0,runs,SS Iyer,"RG Sharma, S Dhawan, V Kohli, SS Iyer, RR Pant, SA Yadav, Washington Sundar, DL Chahar, Kuldeep Yadav, Mohammed Siraj, M Prasidh Krishna"
1278679,2022-02-16,2022,T20I,India,West Indies,West Indies tour of India,,"Eden Gardens, Kolkata",Kolkata,Won,India,6.0,wickets,Ravi Bishnoi,"RG Sharma, Ishan Kishan, V Kohli, RR Pant, SA Yadav, VR Iyer, DL Chahar, HV Patel, Ravi Bishnoi, B Kumar, YS Chahal"
1278680,2022-02-18,2022,T20I,India,West Indies,West Indies tour of India,,"Eden Gardens, Kolkata",Kolkata,Won,India,8.0,runs,RR Pant,"RG Sharma, Ishan Kishan, V Kohli, SA Yadav, RR Pant, VR Iyer, HV Patel, DL Chahar, Ravi Bishnoi, B Kumar, YS Chahal"
1278681,2022-02-20,2022,T20I,India,West Indies,West Indies tour of India,,"Eden Gardens, Kolkata",Kolkata,Won,India,17.0,runs,SA Yadav,"RD Gaikwad, Ishan Kishan, SS Iyer, RG Sharma, SA Yadav, VR Iyer, SN Thakur, DL Chahar, HV Patel, Ravi Bishnoi, Avesh Khan"
1278684,2022-02-24,2022,T20I,India,Sri Lanka,Sri Lanka tour of India,,"Bharat Ratna Shri Atal Bihari Vajpayee Ekana Cricket Stadium, Lucknow",Lucknow,Won,India,62.0,runs,Ishan Kishan,"RG Sharma, Ishan Kishan, SS Iyer, RA Jadeja, SV Samson, VR Iyer, DJ Hooda, HV Patel, B Kumar, JJ Bumrah, YS Chahal"
1278685,2022-02-26,2022,T20I,India,Sri Lanka,Sri Lanka tour of India,,"Himachal Pradesh Cricket Association Stadium, Dharamsala",Dharamsala,Won,India,7.0,wickets,SS Iyer,"RG Sharma, Ishan Kishan, SS Iyer, SV Samson, RA Jadeja, VR Iyer, DJ Hooda, HV Patel, B Kumar, JJ Bumrah, YS Chahal"
1278686,2022-02-27,2022,T20I,India,Sri Lanka,Sri Lanka tour of India,,"Himachal Pradesh Cricket Association Stadium, Dharamsala",Dharamsala,Won,India,6.0,wickets,SS Iyer,"SV Samson, RG Sharma, SS Iyer, DJ Hooda, VR Iyer, RA Jadeja, HV Patel, Kuldeep Yadav, Ravi Bishnoi, Mohammed Siraj, Avesh Khan"
1278682,2022-03-04,2022,Test,India,Sri Lanka,Sri Lanka tour of India,,"Punjab Cricket Association IS Bindra Stadium, Mohali, Chandigarh",Chandigarh,Won,India,222.0,runs,RA Jadeja,"MA Agarwal, RG Sharma, GH Vihari, V Kohli, RR Pant, SS Iyer, RA Jadeja, R Ashwin, J Yadav, Mohammed Shami, JJ Bumrah"
1278683,2022-03-12,2022,Test,India,Sri Lanka,Sri Lanka tour of India,,"M Chinnaswamy Stadium, Bengaluru",Bengaluru,Won,India,238.0,runs,SS Iyer,"MA Agarwal, RG Sharma, GH Vihari, V Kohli, RR Pant, SS Iyer, RA Jadeja, R Ashwin, AR Patel, Mohammed Shami, JJ Bumrah"
1278687,2022-06-09,2022,T20I,India,South Africa,South Africa tour of India,,"Arun Jaitley Stadium, Delhi",Delhi,Lost,South Africa,7.0,wickets,DA Miller,"Ishan Kishan, RD Gaikwad, SS Iyer, RR Pant, HH Pandya, KD Karthik, AR Patel, HV Patel, B Kumar, Avesh Khan, YS Chahal"
1278688,2022-06-12,2022,T20I,India,South Africa,South Africa tour of India,,"Barabati Stadium, Cuttack",Cuttack,Lost,South Africa,4.0,wickets,H Klaasen,"RD Gaikwad, Ishan Kishan, SS Iyer, RR Pant, HH Pandya, AR Patel, KD Karthik, HV Patel, B Kumar, Avesh Khan, YS Chahal"
1278689,2022-06-14,2022,T20I,India,South Africa,South Africa tour of India,,"Dr. Y.S. Rajasekhara Reddy ACA-VDCA Cricket Stadium, Visakhapatnam",Visakhapatnam,Won,India,48.0,runs,YS Chahal,"RD Gaikwad, Ishan Kishan, SS Iyer, RR Pant, HH Pandya, KD Karthik, AR Patel, HV Patel, B Kumar, Avesh Khan, YS Chahal"
1278690,2022-06-17,2022,T20I,India,South Africa,South Africa tour of India,,"Saurashtra Cricket Association Stadium, Rajkot",Rajkot,Won,India,82.0,runs,KD Karthik,"RD Gaikwad, Ishan Kishan, SS Iyer, RR Pant, HH Pandya, KD Karthik, AR Patel, HV Patel, B Kumar, Avesh Khan, YS Chahal"
1278691,2022-06-19,2022,T20I,India,South Africa,South Africa tour of India,,"M Chinnaswamy Stadium, Bangalore",Bengaluru,No Result,,,,,"Ishan Kishan, RD Gaikwad, SS Iyer, RR Pant, HH Pandya, KD Karthik, AR Patel, HV Patel, B Kumar, Avesh Khan, YS Chahal"
1303307,2022-06-26,2022,T20I,India,Ireland,India tour of Ireland,,"The Village, Malahide, Dublin",Dublin,Won,India,7.0,wickets,YS Chahal,"DJ Hooda, Ishan Kishan, SA Yadav, HH Pandya, KD Karthik, RD Gaikwad, AR Patel, B Kumar, Avesh Khan, YS Chahal, Umran Malik"
1303308,2022-06-28,2022,T20I,India,Ireland,India tour of Ireland,,"The Village, Malahide, Dublin",Dublin,Won,India,4.0,runs,DJ Hooda,"SV Samson, Ishan Kishan, DJ Hooda, SA Yadav, HH Pandya, KD Karthik, AR Patel, HV Patel, B Kumar, Ravi Bishnoi, Umran Malik"
1320741,2022-07-01,2022,Test,India,England,India tour of England,,"Edgbaston, Birmingham",Birmingham,Lost,England,7.0,wickets,JM Bairstow,"Shubman Gill, CA Pujara, GH Vihari, V Kohli, RR Pant, SS Iyer, RA Jadeja, SN Thakur, Mohammed Shami, JJ Bumrah, Mohammed Siraj"
1276904,2022-07-07,2022,T20I,India,England,India tour of England,,"The Rose Bowl, Southampton",Southampton,Won,India,50.0,runs,HH Pandya,"RG Sharma, Ishan Kishan, DJ Hooda, SA Yadav, HH Pandya, AR Patel, KD Karthik, HV Patel, B Kumar, Arshdeep Singh, YS Chahal"
1276905,2022-07-09,2022,T20I,India,England,India tour of England,,"Edgbaston, Birmingham",Birmingham,Won,India,49.0,runs,B Kumar,"RG Sharma, RR Pant, V Kohli, SA Yadav, HH Pandya, RA Jadeja, KD Karthik, HV Patel, B Kumar, JJ Bumrah, YS Chahal"
1276906,2022-07-10,2022,T20I,India,England,India tour of England,,"Trent Bridge, Nottingham",Nottingham,Lost,England,17.0,runs,RJW Topley,"RG Sharma, RR Pant, V Kohli, SA Yadav, SS Iyer, KD Karthik, RA Jadeja, HV Patel, Avesh Khan, Ravi Bishnoi, Umran Malik"
1276907,2022-07-12,2022,ODI,India,England,India tour of England,,"Kennington Oval, London",London,Won,India,10.0,wickets,JJ Bumrah,"RG Sharma, S Dhawan, SS Iyer, SA Yadav, RR Pant, HH Pandya, RA Jadeja, Mohammed Shami, JJ Bumrah, YS Chahal, M Prasidh Krishna"
1276908,2022-07-14,2022,ODI,India,England,India tour of England,,"Lord's, London",London,Lost,England,100.0,runs,RJW Topley,"RG Sharma, S Dhawan, V Kohli, RR Pant, SA Yadav, HH Pandya, RA Jadeja, Mohammed Shami, JJ Bumrah, YS Chahal, M Prasidh Krishna"
1276909,2022-07-17,2022,ODI,India,England,India tour of England,,"Old Trafford, Manchester",Manchester,Won,India,5.0,wickets,RR Pant,"RG Sharma, S Dhawan, V Kohli, RR Pant, SA Yadav, HH Pandya, RA Jadeja, Mohammed Shami, YS Chahal, M Prasidh Krishna, Mohammed Siraj"
1317900,2022-07-22,2022,ODI,India,West Indies,India tour of West Indies,,"Queen's Park Oval, Port of Spain, Trinidad",Port of Spain,Won,India,3.0,runs,S Dhawan,"S Dhawan, Shubman Gill, SS Iyer, SA Yadav, SV Samson, DJ Hooda, AR Patel, SN Thakur, Mohammed Siraj, YS Chahal, M Prasidh Krishna"
1317901,2022-07-24,2022,ODI,India,West Indies,India tour of West Indies,,"Queen's Park Oval, Port of Spain, Trinidad",Port of Spain,Won,India,2.0,wickets,AR Patel,"S Dhawan, Shubman Gill, SS Iyer, SA Yadav, SV Samson, DJ Hooda, AR Patel, SN Thakur, Avesh Khan, Mohammed Siraj, YS Chahal"
1317902,2022-07-27,2022,ODI,India,West Indies,India tour of West Indies,,"Queen's Park Oval, Port of Spain, Trinidad",Port of Spain,Won,India,119.0,runs,Shubman Gill,"S Dhawan, Shubman Gill, SS Iyer, SA Yadav, SV Samson, DJ Hooda, AR Patel, SN Thakur, YS Chahal, Mohammed Siraj, M Prasidh Krishna"
1317903,2022-07-29,2022,T20I,India,West Indies,India tour of West Indies,,"Brian Lara Stadium, Tarouba, Trinidad",Tarouba,Won,India,68.0,runs,KD Karthik,"RG Sharma, SA Yadav, SS Iyer, RR Pant, HH Pandya, RA Jadeja, KD Karthik, R Ashwin, Ravi Bishnoi, B Kumar, Arshdeep Singh"
1317904,2022-08-01,2022,T20I,India,West Indies,India tour of West Indies,,"Warner Park, Basseterre, St Kitts",Basseterre,Lost,West Indies,5.0,wickets,OC McCoy,"RG Sharma, SA Yadav, SS Iyer, RR Pant, HH Pandya, RA Jadeja, KD Karthik, R Ashwin, B Kumar, Avesh Khan, Arshdeep Singh"
1317905,2022-08-02,2022,T20I,India,West Indies,India tour of West Indies,,"Warner Park, Basseterre, St Kitts",Basseterre,Won,India,7.0,wickets,SA Yadav,"RG Sharma, SA Yadav, SS Iyer, RR Pant, HH Pandya, DJ Hooda, KD Karthik, R Ashwin, B Kumar, Avesh Khan, Arshdeep Singh"
1317906,2022-08-06,2022,T20I,India,West Indies,West Indies v India T20I Series,,"Central Broward Regional Park Stadium Turf Ground, Lauderhill",Lauderhill,Won,India,59.0,runs,Avesh Khan,"RG Sharma, SA Yadav, DJ Hooda, RR Pant, SV Samson, KD Karthik, AR Patel, Ravi Bishnoi, B Kumar, Avesh Khan, Arshdeep Singh"
1317907,2022-08-07,2022,T20I,India,West Indies,West Indies v India T20I Series,,"Central Broward Regional Park Stadium Turf Ground, Lauderhill",Lauderhill,Won,India,88.0,runs,AR Patel,"Ishan Kishan, SS Iyer, DJ Hooda, SV Samson, HH Pandya, KD Karthik, AR Patel, Kuldeep Yadav, Avesh Khan, Ravi Bishnoi, Arshdeep Singh"
1325549,2022-08-18,2022,ODI,India,Zimbabwe,India tour of Zimbabwe,,Harare Sports Club,Harare,Won,India,10.0,wickets,DL Chahar,"S Dhawan, Shubman Gill, Ishan Kishan, KL Rahul, DJ Hooda, SV Samson, AR Patel, DL Chahar, Kuldeep Yadav, M Prasidh Krishna, Mohammed Siraj"
1325550,2022-08-20,2022,ODI,India,Zimbabwe,India tour of Zimbabwe,,Harare Sports Club,Harare,Won,India,5.0,wickets,SV Samson,"S Dhawan, KL Rahul, Shubman Gill, Ishan Kishan, DJ Hooda, SV Samson, AR Patel, SN Thakur, Kuldeep Yadav, M Prasidh Krishna, Mohammed Siraj"
1325551,2022-08-22,2022,ODI,India,Zimbabwe,India tour of Zimbabwe,,Harare Sports Club,Harare,Won,India,13.0,runs,Shubman Gill,"S Dhawan, KL Rahul, Shubman Gill, Ishan Kishan, DJ Hooda, SV Samson, AR Patel, SN Thakur, DL Chahar, Kuldeep Yadav, Avesh Khan"
1327270,2022-08-28,2022,T20I,India,Pakistan,Asia Cup,,Dubai International Cricket Stadium,Dubai,Won,India,5.0,wickets,HH Pandya,"RG Sharma, KL Rahul, V Kohli, RA Jadeja, SA Yadav, HH Pandya, KD Karthik, B Kumar, YS Chahal, Avesh Khan, Arshdeep Singh"
1327272,2022-08-31,2022,T20I,India,Hong Kong,Asia Cup,,Dubai International Cricket Stadium,Dubai,Won,India,40.0,runs,SA Yadav,"KL Rahul, RG Sharma, V Kohli, SA Yadav, RR Pant, KD Karthik, RA Jadeja, B Kumar, Avesh Khan, Arshdeep Singh, YS Chahal"
1327276,2022-09-04,2022,T20I,India,Pakistan,Asia Cup,,Dubai International Cricket Stadium,Dubai,Lost,Pakistan,5.0,wickets,Mohammad Nawaz,"KL Rahul, RG Sharma, V Kohli, SA Yadav, RR Pant, HH Pandya, DJ Hooda, B Kumar, Ravi Bishnoi, Arshdeep Singh, YS Chahal"
1327277,2022-09-06,2022,T20I,India,Sri Lanka,Asia Cup,,Dubai International Cricket Stadium,Dubai,Lost,Sri Lanka,6.0,wickets,MD Shanaka,"KL Rahul, RG Sharma, V Kohli, SA Yadav, HH Pandya, RR Pant, DJ Hooda, R Ashwin, B Kumar, Arshdeep Singh, YS Chahal"
1327503,2022-09-20,2022,T20I,India,Australia,Australia tour of India,,"Punjab Cricket Association IS Bindra Stadium, Mohali, Chandigarh",Chandigarh,Lost,Australia,4.0,wickets,C Green,"KL Rahul, RG Sharma, V Kohli, SA Yadav, HH Pandya, AR Patel, KD Karthik, HV Patel, B Kumar, UT Yadav, YS Chahal"
1327504,2022-09-23,2022,T20I,India,Australia,Australia tour of India,,"Vidarbha Cricket Association Stadium, Jamtha, Nagpur",Nagpur,Won,India,6.0,wickets,RG Sharma,"KL Rahul, RG Sharma, V Kohli, SA Yadav, HH Pandya, KD Karthik, RR Pant, HV Patel, AR Patel, JJ Bumrah, YS Chahal"
1327505,2022-09-25,2022,T20I,India,Australia,Australia tour of India,,"Rajiv Gandhi International Stadium, Uppal, Hyderabad",Hyderabad,Won,India,6.0,wickets,SA Yadav,"KL Rahul, RG Sharma, V Kohli, SA Yadav, HH Pandya, KD Karthik, AR Patel, HV Patel, B Kumar, JJ Bumrah, YS Chahal"
1327506,2022-09-28,2022,T20I,India,South Africa,South Africa tour of India,,"Greenfield International Stadium, Thiruvananthapuram",Thiruvananthapuram,Won,India,8.0,wickets,Arshdeep Singh,"KL Rahul, RG Sharma, V Kohli, SA Yadav, RR Pant, KD Karthik, AR Patel, HV Patel, R Ashwin, DL Chahar, Arshdeep Singh"
1327507,2022-10-02,2022,T20I,India,South Africa,South Africa tour of India,,"Barsapara Cricket Stadium, Guwahati",Guwahati,Won,India,16.0,runs,KL Rahul,"KL Rahul, RG Sharma, V Kohli, SA Yadav, KD Karthik, RR Pant, AR Patel, HV Patel, R Ashwin, DL Chahar, Arshdeep Singh"
1327508,2022-10-04,2022,T20I,India,South Africa,South Africa tour of India,,"Holkar Cricket Stadium, Indore",Indore,Lost,South Africa,49.0,runs,RR Rossouw,"RG Sharma, RR Pant, SS Iyer, KD Karthik, SA Yadav, AR Patel, HV Patel, R Ashwin, DL Chahar, UT Yadav, Mohammed Siraj"
1327509,2022-10-06,2022,ODI,India,South Africa,South Africa tour of India,,"Bharat Ratna Shri Atal Bihari Vajpayee Ekana Cricket Stadium, Lucknow",Lucknow,Lost,South Africa,9.0,runs,H Klaasen,"S Dhawan, Shubman Gill, RD Gaikwad, Ishan Kishan, SS Iyer, SV Samson, SN Thakur, Kuldeep Yadav, Avesh Khan, Ravi Bishnoi, Mohammed Siraj"
1327510,2022-10-09,2022,ODI,India,South Africa,South Africa tour of India,,"JSCA International Stadium Complex, Ranchi",Ranchi,Won,India,7.0,wickets,SS Iyer,"S Dhawan, Shubman Gill, Ishan Kishan, SS Iyer, SV Samson, SN Thakur, Washington Sundar, Shahbaz Ahmed, Kuldeep Yadav, Avesh Khan, Mohammed Siraj"
1327511,2022-10-11,2022,ODI,India,South Africa,South Africa tour of India,,"Arun Jaitley Stadium, Delhi",Delhi,Won,India,7.0,wickets,Kuldeep Yadav,"S Dhawan, Shubman Gill, Ishan Kishan, SS Iyer, SV Samson, SN Thakur, Washington Sundar, Shahbaz Ahmed, Kuldeep Yadav, Avesh Khan, Mohammed Siraj"
1298150,2022-10-23,2022,T20I,India,Pakistan,ICC Men's T20 World Cup,,Melbourne Cricket Ground,Melbourne,Won,India,4.0,wickets,V Kohli,"KL Rahul, RG Sharma, V Kohli, SA Yadav, AR Patel, HH Pandya, KD Karthik, R Ashwin, Mohammed Shami, B Kumar, Arshdeep Singh"
1298157,2022-10-27,2022,T20I,India,Netherlands,ICC Men's T20 World Cup,,Sydney Cricket Ground,Sydney,Won,India,56.0,runs,SA Yadav,"KL Rahul, RG Sharma, V Kohli, SA Yadav, AR Patel, HH Pandya, KD Karthik, R Ashwin, Mohammed Shami, B Kumar, Arshdeep Singh"
1298164,2022-10-30,2022,T20I,India,South Africa,ICC Men's T20 World Cup,,Perth Stadium,Perth,Lost,South Africa,5.0,wickets,L Ngidi,"KL Rahul, RG Sharma, V Kohli, SA Yadav, DJ Hooda, HH Pandya, KD Karthik, R Ashwin, B Kumar, Mohammed Shami, Arshdeep Singh"
1298169,2022-11-02,2022,T20I,India,Bangladesh,ICC Men's T20 World Cup,,Adelaide Oval,Adelaide,Won,India,5.0,runs,V Kohli,"KL Rahul, RG Sharma, V Kohli, SA Yadav, HH Pandya, KD Karthik, AR Patel, R Ashwin, B Kumar, Mohammed Shami, Arshdeep Singh"
1298176,2022-11-06,2022,T20I,India,Zimbabwe,ICC Men's T20 World Cup,,Melbourne Cricket Ground,Melbourne,Won,India,71.0,runs,SA Yadav,"KL Rahul, RG Sharma, V Kohli, SA Yadav, RR Pant, HH Pandya, AR Patel, R Ashwin, B Kumar, Mohammed Shami, Arshdeep Singh"
1298178,2022-11-10,2022,T20I,India,England,ICC Men's T20 World Cup,Semi Final,Adelaide Oval,Adelaide,Lost,England,10.0,wickets,AD Hales,"KL Rahul, RG Sharma, V Kohli, SA Yadav, HH Pandya, RR Pant, R Ashwin, AR Patel, B Kumar, Mohammed Shami, Arshdeep Singh"
1322276,2022-11-20,2022,T20I,India,New Zealand,India tour of New Zealand,,"Bay Oval, Mount Maunganui",Mount Maunganui,Won,India,65.0,runs,SA Yadav,"Ishan Kishan, RR Pant, SA Yadav, SS Iyer, HH Pandya, DJ Hooda, Washington Sundar, B Kumar, Arshdeep Singh, Mohammed Siraj, YS Chahal"
1322277,2022-11-22,2022,T20I,India,New Zealand,India tour of New Zealand,,"McLean Park, Napier",Napier,Tie,,,,Mohammed Siraj,"Ishan Kishan, RR Pant, SA Yadav, SS Iyer, HH Pandya, DJ Hooda, HV Patel, B Kumar, Arshdeep Singh, Mohammed Siraj, YS Chahal"
1322278,2022-11-25,2022,ODI,India,New Zealand,India tour of New Zealand,,"Eden Park, Auckland",Auckland,Lost,New Zealand,7.0,wickets,TWM Latham,"S Dhawan, Shubman Gill, SS Iyer, RR Pant, SA Yadav, SV Samson, Washington Sundar, SN Thakur, Umran Malik, Arshdeep Singh, YS Chahal"
1322279,2022-11-27,2022,ODI,India,New Zealand,India tour of New Zealand,,"Seddon Park, Hamilton",Hamilton,No Result,,,,,"S Dhawan, Shubman Gill, SA Yadav, SS Iyer, RR Pant, DJ Hooda, Washington Sundar, DL Chahar, Umran Malik, Arshdeep Singh, YS Chahal"
1322280,2022-11-30,2022,ODI,India,New Zealand,India tour of New Zealand,,"Hagley Oval, Christchurch",Christchurch,No Result,,,,,"S Dhawan, Shubman Gill, SS Iyer, RR Pant, SA Yadav, DJ Hooda, Washington Sundar, DL Chahar, YS Chahal, Arshdeep Singh, Umran Malik"
1340845,2022-12-04,2022,ODI,India,Bangladesh,India tour of Bangladesh,,"Shere Bangla National Stadium, Mirpur",Dhaka,Lost,Bangladesh,1.0,wickets,Mehedi Hasan Miraz,"RG Sharma, S Dhawan, V Kohli, SS Iyer, KL Rahul, Washington Sundar, Shahbaz Ahmed, SN Thakur, DL Chahar, Mohammed Siraj, KR Sen"
1340846,2022-12-07,2022,ODI,India,Bangladesh,India tour of Bangladesh,,"Shere Bangla National Stadium, Mirpur",Dhaka,Lost,Bangladesh,5.0,runs,Mehedi Hasan Miraz,"V Kohli, S Dhawan, SS Iyer, Washington Sundar, KL Rahul, AR Patel, SN Thakur, DL Chahar, RG Sharma, Mohammed Siraj, Umran Malik"
1340847,2022-12-10,2022,ODI,India,Bangladesh,India tour of Bangladesh,,"Zahur Ahmed Chowdhury Stadium, Chattogram",Chattogram,Won,India,227.0,runs,Ishan Kishan,"S Dhawan, Ishan Kishan, V Kohli, SS Iyer, KL Rahul, Washington Sundar, AR Patel, SN Thakur, Kuldeep Yadav, Mohammed Siraj, Umran Malik"
1340848,2022-12-14,2022,Test,India,Bangladesh,India tour of Bangladesh,,"Zahur Ahmed Chowdhury Stadium, Chattogram",Chattogram,Won,India,188.0,runs,Kuldeep Yadav,"KL Rahul, Shubman Gill, CA Pujara, V Kohli, RR Pant, SS Iyer, AR Patel, R Ashwin, Kuldeep Yadav, UT Yadav, Mohammed Siraj"
1340849,2022-12-22,2022,Test,India,Bangladesh,India tour of Bangladesh,,"Shere Bangla National Stadium, Mirpur",Dhaka,Won,India,3.0,wickets,R Ashwin,"KL Rahul, Shubman Gill, CA Pujara, V Kohli, RR Pant, SS Iyer, AR Patel, R Ashwin, JD Unadkat, UT Yadav, Mohammed Siraj"
1348640,2023-01-03,2023,T20I,India,Sri Lanka,Sri Lanka tour of India,,"Wankhede Stadium, Mumbai",Mumbai,Won,India,2.0,runs,DJ Hooda,"Ishan Kishan, Shubman Gill, SA Yadav, SV Samson, HH Pandya, DJ Hooda, AR Patel, HV Patel, Shivam Mavi, Umran Malik, YS Chahal"
1348641,2023-01-05,2023,T20I,India,Sri Lanka,Sri Lanka tour of India,,"Maharashtra Cricket Association Stadium, Pune",Pune,Lost,Sri Lanka,16.0,runs,MD Shanaka,"Ishan Kishan, Shubman Gill, RA Tripathi, SA Yadav, HH Pandya, DJ Hooda, AR Patel, Shivam Mavi, Umran Malik, YS Chahal, Arshdeep Singh"
1348642,2023-01-07,2023,T20I,India,Sri Lanka,Sri Lanka tour of India,,"Saurashtra Cricket Association Stadium, Rajkot",Rajkot,Won,India,91.0,runs,SA Yadav,"Ishan Kishan, Shubman Gill, RA Tripathi, SA Yadav, HH Pandya, DJ Hooda, AR Patel, Shivam Mavi, Umran Malik, YS Chahal, Arshdeep Singh"
1348643,2023-01-10,2023,ODI,India,Sri Lanka,Sri Lanka tour of India,,"Barsapara Cricket Stadium, Guwahati",Guwahati,Won,India,67.0,runs,V Kohli,"RG Sharma, Shubman Gill, V Kohli, SS Iyer, KL Rahul, HH Pandya, AR Patel, Mohammed Shami, Mohammed Siraj, YS Chahal, Umran Malik"
1348644,2023-01-12,2023,ODI,India,Sri Lanka,Sri Lanka tour of India,,"Eden Gardens, Kolkata",Kolkata,Won,India,4.0,wickets,Kuldeep Yadav,"RG Sharma, Shubman Gill, V Kohli, SS Iyer, KL Rahul, HH Pandya, AR Patel, Kuldeep Yadav, Mohammed Shami, Mohammed Siraj, Umran Malik"
1348645,2023-01-15,2023,ODI,India,Sri Lanka,Sri Lanka tour of India,,"Greenfield International Stadium, Thiruvananthapuram",Thiruvananthapuram,Won,India,317.0,runs,V Kohli,"RG Sharma, Shubman Gill, V Kohli, SS Iyer, KL Rahul, SA Yadav, AR Patel, Washington Sundar, Kuldeep Yadav, Mohammed Shami, Mohammed Siraj"
1348646,2023-01-18,2023,ODI,India,New Zealand,New Zealand tour of India,,"Rajiv Gandhi International Stadium, Uppal, Hyderabad",Hyderabad,Won,India,12.0,runs,Shubman Gill,"RG Sharma, Shubman Gill, V Kohli, Ishan Kishan, SA Yadav, HH Pandya, Washington Sundar, SN Thakur, Kuldeep Yadav, Mohammed Shami, Mohammed Siraj"
1348647,2023-01-21,2023,ODI,India,New Zealand,New Zealand tour of India,,"Shaheed Veer Narayan Singh International Stadium, Raipur",Raipur,Won,India,8.0,wickets,Mohammed Shami,"RG Sharma, Shubman Gill, V Kohli, Ishan Kishan, SA Yadav, HH Pandya, Washington Sundar, SN Thakur, Kuldeep Yadav, Mohammed Shami, Mohammed Siraj"
1348648,2023-01-24,2023,ODI,India,New Zealand,New Zealand tour of India,,"Holkar Cricket Stadium, Indore",Indore,Won,India,90.0,runs,SN Thakur,"RG Sharma, Shubman Gill, V Kohli, Ishan Kishan, SA Yadav, HH Pandya, Washington Sundar, SN Thakur, Kuldeep Yadav, Umran Malik, YS Chahal"
1348649,2023-01-27,2023,T20I,India,New Zealand,New Zealand tour of India,,"JSCA International Stadium Complex, Ranchi",Ranchi,Lost,New Zealand,21.0,runs,DJ Mitchell,"Shubman Gill, Ishan Kishan, RA Tripathi, SA Yadav, HH Pandya, Washington Sundar, DJ Hooda, Shivam Mavi, Kuldeep Yadav, Arshdeep Singh, Umran Malik"
1348650,2023-01-29,2023,T20I,India,New Zealand,New Zealand tour of India,,"Bharat Ratna Shri Atal Bihari Vajpayee Ekana Cricket Stadium, Lucknow",Lucknow,Won,India,6.0,wickets,SA Yadav,"Shubman Gill, Ishan Kishan, RA Tripathi, SA Yadav, Washington Sundar, HH Pandya, DJ Hooda, Shivam Mavi, Kuldeep Yadav, Arshdeep Singh, YS Chahal"
1348651,2023-02-01,2023,T20I,India,New Zealand,New Zealand tour of India,,"Narendra Modi Stadium, Ahmedabad",Ahmedabad,Won,India,168.0,runs,Shubman Gill,"Ishan Kishan, Shubman Gill, RA Tripathi, SA Yadav, HH Pandya, DJ Hooda, Washington Sundar, Shivam Mavi, Kuldeep Yadav, Arshdeep Singh, Umran Malik"
1348652,2023-02-09,2023,Test,India,Australia,Australia tour of India,,"Vidarbha Cricket Association Stadium, Jamtha, Nagpur",Nagpur,Won,India,132.0,runs,RA Jadeja,"RG Sharma, KL Rahul, R Ashwin, CA Pujara, V Kohli, SA Yadav, RA Jadeja, KS Bharat, AR Patel, Mohammed Shami, Mohammed Siraj"
1348653,2023-02-17,2023,Test,India,Australia,Australia tour of India,,"Arun Jaitley Stadium, Delhi",Delhi,Won,India,6.0,wickets,RA Jadeja,"RG Sharma, KL Rahul, CA Pujara, V Kohli, SS Iyer, RA Jadeja, KS Bharat, AR Patel, R Ashwin, Mohammed Shami, Mohammed Siraj"
1348654,2023-03-01,2023,Test,India,Australia,Australia tour of India,,"Holkar Cricket Stadium, Indore",Indore,Lost,Australia,9.0,wickets,NM Lyon,"RG Sharma, Shubman Gill, CA Pujara, V Kohli, RA Jadeja, SS Iyer, KS Bharat, AR Patel, R Ashwin, UT Yadav, Mohammed Siraj"
1348655,2023-03-09,2023,Test,India,Australia,Australia tour of India,,"Narendra Modi Stadium, Ahmedabad",Ahmedabad,Draw,,,,V Kohli,"RG Sharma, Shubman Gill, CA Pujara, V Kohli, RA Jadeja, KS Bharat, AR Patel, R Ashwin, UT Yadav, Mohammed Shami, SS Iyer"
1348656,2023-03-17,2023,ODI,India,Australia,Australia tour of India,,"Wankhede Stadium, Mumbai",Mumbai,Won,India,5.0,wickets,RA Jadeja,"Ishan Kishan, Shubman Gill, V Kohli, SA Yadav, KL Rahul, HH Pandya, RA Jadeja, SN Thakur, Kuldeep Yadav, Mohammed Siraj, Mohammed Shami"
1348657,2023-03-19,2023,ODI,India,Australia,Australia tour of India,,"Dr. Y.S. Rajasekhara Reddy ACA-VDCA Cricket Stadium, Visakhapatnam",Visakhapatnam,Lost,Australia,10.0,wickets,MA Starc,"RG Sharma, Shubman Gill, V Kohli, SA Yadav, KL Rahul, HH Pandya, RA Jadeja, AR Patel, Kuldeep Yadav, Mohammed Shami, Mohammed Siraj"
1348658,2023-03-22,2023,ODI,India,Australia,Australia tour of India,,"MA Chidambaram Stadium, Chepauk, Chennai",Chennai,Lost,Australia,21.0,runs,A Zampa,"RG Sharma, Shubman Gill, V Kohli, KL Rahul, AR Patel, HH Pandya, SA Yadav, RA Jadeja, Kuldeep Yadav, Mohammed Shami, Mohammed Siraj"
1358412,2023-06-07,2023,Test,India,Australia,ICC World Test Championship,Final,"Kennington Oval, London",London,Lost,Australia,209.0,runs,TM Head,"RG Sharma, Shubman Gill, CA Pujara, V Kohli, AM Rahane, RA Jadeja, KS Bharat, SN Thakur, UT Yadav, Mohammed Shami, Mohammed Siraj"
1381212,2023-07-12,2023,Test,India,West Indies,India tour of West Indies,,"Windsor Park, Roseau, Dominica",Roseau,Won,India,141.0,runs,YBK Jaiswal,"YBK Jaiswal, RG Sharma, Shubman Gill, V Kohli, AM Rahane, RA Jadeja, Ishan Kishan, R Ashwin, SN Thakur, JD Unadkat, Mohammed Siraj"
1381213,2023-07-20,2023,Test,India,West Indies,India tour of West Indies,,"Queen's Park Oval, Port of Spain, Trinidad",Port of Spain,Draw,,,,Mohammed Siraj,"YBK Jaiswal, RG Sharma, Shubman Gill, V Kohli, AM Rahane, RA Jadeja, Ishan Kishan, R Ashwin, JD Unadkat, Mohammed Siraj, Mukesh Kumar"
1381214,2023-07-27,2023,ODI,India,West Indies,India tour of West Indies,,"Kensington Oval, Bridgetown, Barbados",Bridgetown,Won,India,5.0,wickets,Kuldeep Yadav,"Ishan Kishan, Shubman Gill, SA Yadav, HH Pandya, RA Jadeja, SN Thakur, RG Sharma, V Kohli, Kuldeep Yadav, Umran Malik, Mukesh Kumar"
1381215,2023-07-29,2023,ODI,India,West Indies,India tour of West Indies and United States of America,,"Kensington Oval, Bridgetown, Barbados",Bridgetown,Lost,West Indies,6.0,wickets,SD Hope,"Ishan Kishan, Shubman Gill, SV Samson, AR Patel, HH Pandya, SA Yadav, RA Jadeja, SN Thakur, Kuldeep Yadav, Umran Malik, Mukesh Kumar"
1381216,2023-08-01,2023,ODI,India,West Indies,India tour of West Indies and United States of America,,"Brian Lara Stadium, Tarouba, Trinidad",Tarouba,Won,India,200.0,runs,Shubman Gill,"Ishan Kishan, Shubman Gill, RD Gaikwad, SV Samson, HH Pandya, SA Yadav, RA Jadeja, SN Thakur, JD Unadkat, Kuldeep Yadav, Mukesh Kumar"
1381217,2023-08-03,2023,T20I,India,West Indies,India tour of West Indies and United States of America,,"Brian Lara Stadium, Tarouba, Trinidad",Tarouba,Lost,West Indies,4.0,runs,JO Holder,"Ishan Kishan, Shubman Gill, SA Yadav, Tilak Varma, HH Pandya, SV Samson, AR Patel, Kuldeep Yadav, Arshdeep Singh, YS Chahal, Mukesh Kumar"
1381218,2023-08-06,2023,T20I,India,West Indies,India tour of West Indies and United States of America,,"Providence Stadium, Guyana",Providence,Lost,West Indies,2.0,wickets,N Pooran,"Ishan Kishan, Shubman Gill, SA Yadav, Tilak Varma, SV Samson, HH Pandya, AR Patel, Ravi Bishnoi, Arshdeep Singh, YS Chahal, Mukesh Kumar"
1381219,2023-08-08,2023,T20I,India,West Indies,India tour of West Indies and United States of America,,"Providence Stadium, Guyana",Providence,Won,India,7.0,wickets,SA Yadav,"YBK Jaiswal, Shubman Gill, SA Yadav, Tilak Varma, HH Pandya, SV Samson, AR Patel, Kuldeep Yadav, YS Chahal, Arshdeep Singh, Mukesh Kumar"
1381220,2023-08-12,2023,T20I,India,West Indies,India tour of West Indies and United States of America,,"Central Broward Regional Park Stadium Turf Ground, Lauderhill",Lauderhill,Won,India,9.0,wickets,YBK Jaiswal,"YBK Jaiswal, Shubman Gill, Tilak Varma, SA Yadav, HH Pandya, SV Samson, AR Patel, Kuldeep Yadav, YS Chahal, Arshdeep Singh, Mukesh Kumar"
1381221,2023-08-13,2023,T20I,India,West Indies,India tour of West Indies and United States of America,,"Central Broward Regional Park Stadium Turf Ground, Lauderhill",Lauderhill,Lost,West Indies,8.0,wickets,R Shepherd,"YBK Jaiswal, Shubman Gill, SA Yadav, Tilak Varma, SV Samson, HH Pandya, AR Patel, Arshdeep Singh, Kuldeep Yadav, YS Chahal, Mukesh Kumar"
1384634,2023-08-18,2023,T20I,India,Ireland,India tour of Ireland,,"Malahide, Dublin",Dublin,Won,India,2.0,runs,JJ Bumrah,"YBK Jaiswal, RD Gaikwad, Tilak Varma, SV Samson, RK Singh, S Dube, Washington Sundar, Arshdeep Singh, JJ Bumrah, Ravi Bishnoi, M Prasidh Krishna"
1384637,2023-08-20,2023,T20I,India,Ireland,India tour of Ireland,,"Malahide, Dublin",Dublin,Won,India,33.0,runs,RK Singh,"YBK Jaiswal, RD Gaikwad, Tilak Varma, SV Samson, RK Singh, S Dube, Washington Sundar, Arshdeep Singh, JJ Bumrah, Ravi Bishnoi, M Prasidh Krishna"
1388394,2023-09-02,2023,ODI,India,Pakistan,Asia Cup,,Pallekele International Cricket Stadium,Kandy,No Result,,,,,"RG Sharma, Shubman Gill, V Kohli, SS Iyer, Ishan Kishan, HH Pandya, RA Jadeja, SN Thakur, Kuldeep Yadav, JJ Bumrah, Mohammed Siraj"
1388398,2023-09-04,2023,ODI,India,Nepal,Asia Cup,,Pallekele International Cricket Stadium,Kandy,Won,India,10.0,wickets,RG Sharma,"RG Sharma, Shubman Gill, V Kohli, SS Iyer, Ishan Kishan, HH Pandya, RA Jadeja, SN Thakur, Kuldeep Yadav, Mohammed Shami, Mohammed Siraj"
1388406,2023-09-10,2023,ODI,India,Pakistan,Asia Cup,,"R Premadasa Stadium, Colombo",Colombo,Won,India,228.0,runs,V Kohli,"RG Sharma, Shubman Gill, V Kohli, KL Rahul, Ishan Kishan, HH Pandya, RA Jadeja, SN Thakur, Kuldeep Yadav, JJ Bumrah, Mohammed Siraj"
1388407,2023-09-12,2023,ODI,India,Sri Lanka,Asia Cup,,"R Premadasa Stadium, Colombo",Colombo,Won,India,41.0,runs,DN Wellalage,"RG Sharma, Shubman Gill, V Kohli, Ishan Kishan, KL Rahul, HH Pandya, RA Jadeja, AR Patel, JJ Bumrah, Kuldeep Yadav, Mohammed Siraj"
1388412,2023-09-15,2023,ODI,India,Bangladesh,Asia Cup,,"R Premadasa Stadium, Colombo",Colombo,Lost,Bangladesh,6.0,runs,Shakib Al Hasan,"RG Sharma, Shubman Gill, Tilak Varma, KL Rahul, Ishan Kishan, SA Yadav, RA Jadeja, AR Patel, SN Thakur, Mohammed Shami, M Prasidh Krishna"
1388414,2023-09-17,2023,ODI,India,Sri Lanka,Asia Cup,Final,"R Premadasa Stadium, Colombo",Colombo,Won,India,10.0,wickets,Mohammed Siraj,"Ishan Kishan, Shubman Gill, RG Sharma, V Kohli, KL Rahul, HH Pandya, RA Jadeja, Washington Sundar, JJ Bumrah, Kuldeep Yadav, Mohammed Siraj"
1389388,2023-09-22,2023,ODI,India,Australia,Australia tour of India,,"Punjab Cricket Association IS Bindra Stadium, Mohali, Chandigarh",Chandigarh,Won,India,5.0,wickets,Mohammed Shami,"RD Gaikwad, Shubman Gill, SS Iyer, KL Rahul, Ishan Kishan, SA Yadav, RA Jadeja, R Ashwin, SN Thakur, JJ Bumrah, Mohammed Shami"
1389389,2023-09-24,2023,ODI,India,Australia,Australia tour of India,,"Holkar Cricket Stadium, Indore",Indore,Won,India,99.0,runs,SS Iyer,"RD Gaikwad, Shubman Gill, SS Iyer, KL Rahul, Ishan Kishan, SA Yadav, RA Jadeja, R Ashwin, SN Thakur, Mohammed Shami, M Prasidh Krishna"
1389390,2023-09-27,2023,ODI,India,Australia,Australia tour of India,,"Saurashtra Cricket Association Stadium, Rajkot",Rajkot,Lost,Australia,66.0,runs,GJ Maxwell,"RG Sharma, Washington Sundar, V Kohli, SS Iyer, KL Rahul, SA Yadav, RA Jadeja, Kuldeep Yadav, JJ Bumrah, Mohammed Siraj, M Prasidh Krishna"
1399113,2023-10-03,2023,T20I,India,Nepal,Asian Games Men's Cricket Competition,Quarter Final,Zhejiang University of Technology Cricket Field,Hangzhou,Won,India,23.0,runs,,"YBK Jaiswal, RD Gaikwad, Tilak Varma, JM Sharma, S Dube, RK Singh, R Sai Kishore, Washington Sundar, Ravi Bishnoi, Avesh Khan, Arshdeep Singh"
1399117,2023-10-06,2023,T20I,India,Bangladesh,Asian Games Men's Cricket Competition,Semi Final,Zhejiang University of Technology Cricket Field,Hangzhou,Won,India,9.0,wickets,,"YBK Jaiswal, RD Gaikwad, Tilak Varma, JM Sharma, RK Singh, S Dube, Washington Sundar, Shahbaz Ahmed, R Sai Kishore, Ravi Bishnoi, Arshdeep Singh"
1384396,2023-10-08,2023,ODI,India,Australia,ICC Cricket World Cup,,"MA Chidambaram Stadium, Chepauk, Chennai",Chennai,Won,India,6.0,wickets,KL Rahul,"RG Sharma, Ishan Kishan, V Kohli, SS Iyer, KL Rahul, HH Pandya, RA Jadeja, R Ashwin, Kuldeep Yadav, JJ Bumrah, Mohammed Siraj"
1384403,2023-10-14,2023,ODI,India,Pakistan,ICC Cricket World Cup,,"Narendra Modi Stadium, Ahmedabad",Ahmedabad,Won,India,7.0,wickets,JJ Bumrah,"RG Sharma, Shubman Gill, V Kohli, SS Iyer, KL Rahul, HH Pandya, RA Jadeja, SN Thakur, JJ Bumrah, Kuldeep Yadav, Mohammed Siraj"
1384408,2023-10-19,2023,ODI,India,Bangladesh,ICC Cricket World Cup,,"Maharashtra Cricket Association Stadium, Pune",Pune,Won,India,7.0,wickets,V Kohli,"RG Sharma, Shubman Gill, V Kohli, SS Iyer, KL Rahul, HH Pandya, RA Jadeja, SN Thakur, JJ Bumrah, Kuldeep Yadav, Mohammed Siraj"
1384412,2023-10-22,2023,ODI,India,New Zealand,ICC Cricket World Cup,,"Himachal Pradesh Cricket Association Stadium, Dharamsala",Dharamsala,Won,India,4.0,wickets,Mohammed Shami,"RG Sharma, Shubman Gill, V Kohli, SS Iyer, KL Rahul, SA Yadav, RA Jadeja, Mohammed Shami, JJ Bumrah, Kuldeep Yadav, Mohammed Siraj"
1384420,2023-10-29,2023,ODI,India,England,ICC Cricket World Cup,,"Bharat Ratna Shri Atal Bihari Vajpayee Ekana Cricket Stadium, Lucknow",Lucknow,Won,India,100.0,runs,RG Sharma,"RG Sharma, Shubman Gill, V Kohli, SS Iyer, KL Rahul, SA Yadav, RA Jadeja, Mohammed Shami, JJ Bumrah, Kuldeep Yadav, Mohammed Siraj"
1384424,2023-11-02,2023,ODI,India,Sri Lanka,ICC Cricket World Cup,,"Wankhede Stadium, Mumbai",Mumbai,Won,India,302.0,runs,Mohammed Shami,"RG Sharma, Shubman Gill, V Kohli, SS Iyer, KL Rahul, SA Yadav, RA Jadeja, Mohammed Shami, JJ Bumrah, Kuldeep Yadav, Mohammed Siraj"
1384428,2023-11-05,2023,ODI,India,South Africa,ICC Cricket World Cup,,"Eden Gardens, Kolkata",Kolkata,Won,India,243.0,runs,V Kohli,"RG Sharma, Shubman Gill, V Kohli, SS Iyer, KL Rahul, SA Yadav, RA Jadeja, Mohammed Shami, JJ Bumrah, Kuldeep Yadav, Mohammed Siraj"
1384436,2023-11-12,2023,ODI,India,Netherlands,ICC Cricket World Cup,,"M Chinnaswamy Stadium, Bengaluru",Bengaluru,Won,India,160.0,runs,SS Iyer,"RG Sharma, Shubman Gill, V Kohli, SS Iyer, KL Rahul, SA Yadav, RA Jadeja, JJ Bumrah, Mohammed Shami, Kuldeep Yadav, Mohammed Siraj"
1384437,2023-11-15,2023,ODI,India,New Zealand,ICC Cricket World Cup,Semi Final,"Wankhede Stadium, Mumbai",Mumbai,Won,India,70.0,runs,Mohammed Shami,"RG Sharma, Shubman Gill, V Kohli, SS Iyer, KL Rahul, SA Yadav, RA Jadeja, JJ Bumrah, Mohammed Shami, Kuldeep Yadav, Mohammed Siraj"
1384439,2023-11-19,2023,ODI,India,Australia,ICC Cricket World Cup,Final,"Narendra Modi Stadium, Ahmedabad",Ahmedabad,Lost,Australia,6.0,wickets,TM Head,"RG Sharma, Shubman Gill, V Kohli, SS Iyer, KL Rahul, RA Jadeja, SA Yadav, Mohammed Shami, JJ Bumrah, Kuldeep Yadav, Mohammed Siraj"
1389391,2023-11-23,2023,T20I,India,Australia,Australia tour of India,,"Dr. Y.S. Rajasekhara Reddy ACA-VDCA Cricket Stadium, Visakhapatnam",Visakhapatnam,Won,India,2.0,wickets,SA Yadav,"YBK Jaiswal, RD Gaikwad, Ishan Kishan, SA Yadav, Tilak Varma, RK Singh, AR Patel, Ravi Bishnoi, Arshdeep Singh, Mukesh Kumar, M Prasidh Krishna"
1389392,2023-11-26,2023,T20I,India,Australia,Australia tour of India,,"Greenfield International Stadium, Thiruvananthapuram",Thiruvananthapuram,Won,India,44.0,runs,YBK Jaiswal,"YBK Jaiswal, RD Gaikwad, Ishan Kishan, SA Yadav, RK Singh, Tilak Varma, AR Patel, Ravi Bishnoi, Arshdeep Singh, Mukesh Kumar, M Prasidh Krishna"
1389393,2023-11-28,2023,T20I,India,Australia,Australia tour of India,,"Barsapara Cricket Stadium, Guwahati",Guwahati,Lost,Australia,5.0,wickets,GJ Maxwell,"YBK Jaiswal, RD Gaikwad, Ishan Kishan, SA Yadav, Tilak Varma, RK Singh, AR Patel, Ravi Bishnoi, Arshdeep Singh, Avesh Khan, M Prasidh Krishna"
1389394,2023-12-01,2023,T20I,India,Australia,Australia tour of India,,"Shaheed Veer Narayan Singh International Stadium, Raipur",Raipur,Won,India,20.0,runs,AR Patel,"YBK Jaiswal, RD Gaikwad, SS Iyer, SA Yadav, RK Singh, JM Sharma, AR Patel, DL Chahar, Ravi Bishnoi, Avesh Khan, Mukesh Kumar"
1389395,2023-12-03,2023,T20I,India,Australia,Australia tour of India,,"M Chinnaswamy Stadium, Bengaluru",Bengaluru,Won,India,6.0,runs,AR Patel,"YBK Jaiswal, RD Gaikwad, SS Iyer, SA Yadav, RK Singh, JM Sharma, AR Patel, Ravi Bishnoi, Arshdeep Singh, Avesh Khan, Mukesh Kumar"
1387598,2023-12-12,2023,T20I,India,South Africa,India tour of South Africa,,"St George's Park, Gqeberha",Gqeberha,Lost,South Africa,5.0,wickets,T Shamsi,"YBK Jaiswal, Shubman Gill, Tilak Varma, SA Yadav, RK Singh, JM Sharma, RA Jadeja, Arshdeep Singh, Kuldeep Yadav, Mohammed Siraj, Mukesh Kumar"
1387599,2023-12-14,2023,T20I,India,South Africa,India tour of South Africa,,"The Wanderers Stadium, Johannesburg",Johannesburg,Won,India,106.0,runs,SA Yadav,"YBK Jaiswal, Shubman Gill, Tilak Varma, SA Yadav, RK Singh, JM Sharma, RA Jadeja, Arshdeep Singh, Mohammed Siraj, Kuldeep Yadav, Mukesh Kumar"
1387600,2023-12-17,2023,ODI,India,South Africa,India tour of South Africa,,"The Wanderers Stadium, Johannesburg",Johannesburg,Won,India,8.0,wickets,Arshdeep Singh,"RD Gaikwad, B Sai Sudharsan, SS Iyer, Tilak Varma, KL Rahul, SV Samson, AR Patel, Arshdeep Singh, Avesh Khan, Kuldeep Yadav, Mukesh Kumar"
1387601,2023-12-19,2023,ODI,India,South Africa,India tour of South Africa,,"St George's Park, Gqeberha",Gqeberha,Lost,South Africa,8.0,wickets,T de Zorzi,"RD Gaikwad, B Sai Sudharsan, Tilak Varma, KL Rahul, SV Samson, RK Singh, AR Patel, Kuldeep Yadav, Arshdeep Singh, Avesh Khan, Mukesh Kumar"
1387602,2023-12-21,2023,ODI,India,South Africa,India tour of South Africa,,"Boland Park, Paarl",Paarl,Won,India,78.0,runs,SV Samson,"RM Patidar, B Sai Sudharsan, SV Samson, KL Rahul, Tilak Varma, RK Singh, AR Patel, Washington Sundar, Arshdeep Singh, Avesh Khan, Mukesh Kumar"
1387603,2023-12-26,2023,Test,India,South Africa,India tour of South Africa,,"SuperSport Park, Centurion",Centurion,Lost,South Africa,32.0,runs,D Elgar,"YBK Jaiswal, RG Sharma, Shubman Gill, V Kohli, SS Iyer, KL Rahul, R Ashwin, SN Thakur, JJ Bumrah, Mohammed Siraj, M Prasidh Krishna"
1387604,2024-01-03,2024,Test,India,South Africa,India tour of South Africa,,"Newlands, Cape Town",Cape Town,Won,India,7.0,wickets,Mohammed Siraj,"YBK Jaiswal, RG Sharma, Shubman Gill, V Kohli, SS Iyer, KL Rahul, RA Jadeja, JJ Bumrah, Mohammed Siraj, M Prasidh Krishna, Mukesh Kumar"
1389399,2024-01-25,2024,Test,India,England,England tour of India,,"Rajiv Gandhi International Stadium, Uppal, Hyderabad",Hyderabad,Lost,England,28.0,runs,OJ Pope,"YBK Jaiswal, RG Sharma, Shubman Gill, KL Rahul, SS Iyer, RA Jadeja, KS Bharat, R Ashwin, AR Patel, JJ Bumrah, Mohammed Siraj"
1389400,2024-02-02,2024,Test,India,England,England tour of India,,"Dr. Y.S. Rajasekhara Reddy ACA-VDCA Cricket Stadium, Visakhapatnam",Visakhapatnam,Won,India,106.0,runs,JJ Bumrah,"YBK Jaiswal, RG Sharma, Shubman Gill, SS Iyer, RM Patidar, AR Patel, KS Bharat, R Ashwin, Kuldeep Yadav, JJ Bumrah, Mukesh Kumar"
1389401,2024-02-15,2024,Test,India,England,England tour of India,,"Saurashtra Cricket Association Stadium, Rajkot",Rajkot,Won,India,434.0,runs,RA Jadeja,"YBK Jaiswal, RG Sharma, Shubman Gill, RM Patidar, RA Jadeja, SN Khan, Kuldeep Yadav, Dhruv Jurel, R Ashwin, JJ Bumrah, Mohammed Siraj"
1389402,2024-02-23,2024,Test,India,England,England tour of India,,"JSCA International Stadium Complex, Ranchi",Ranchi,Won,India,5.0,wickets,Dhruv Jurel,"YBK Jaiswal, RG Sharma, Shubman Gill, RM Patidar, RA Jadeja, SN Khan, Dhruv Jurel, R Ashwin, Kuldeep Yadav, Akash Deep, Mohammed Siraj"
1389403,2024-03-07,2024,Test,India,England,England tour of India,,"Himachal Pradesh Cricket Association Stadium, Dharamsala",Dharamsala,Won,India,64.0,runs,Kuldeep Yadav,"YBK Jaiswal, RG Sharma, Shubman Gill, D Padikkal, SN Khan, RA Jadeja, Dhruv Jurel, R Ashwin, Kuldeep Yadav, JJ Bumrah, Mohammed Siraj"
1415708,2024-06-05,2024,T20I,India,Ireland,ICC Men's T20 World Cup,,"Nassau County International Cricket Stadium, New York",New York,Won,India,8.0,wickets,JJ Bumrah,"RG Sharma, V Kohli, RR Pant, SA Yadav, S Dube, HH Pandya, RA Jadeja, AR Patel, JJ Bumrah, Arshdeep Singh, Mohammed Siraj"
1415719,2024-06-09,2024,T20I,India,Pakistan,ICC Men's T20 World Cup,,"Nassau County International Cricket Stadium, New York",New York,Won,India,6.0,runs,JJ Bumrah,"RG Sharma, V Kohli, RR Pant, AR Patel, SA Yadav, S Dube, HH Pandya, RA Jadeja, Arshdeep Singh, JJ Bumrah, Mohammed Siraj"
1415725,2024-06-12,2024,T20I,India,United States of America,ICC Men's T20 World Cup,,"Nassau County International Cricket Stadium, New York",New York,Won,India,7.0,wickets,Arshdeep Singh,"RG Sharma, V Kohli, RR Pant, SA Yadav, S Dube, HH Pandya, RA Jadeja, AR Patel, Arshdeep Singh, JJ Bumrah, Mohammed Siraj"
1415747,2024-06-22,2024,T20I,India,Bangladesh,ICC Men's T20 World Cup,,"Sir Vivian Richards Stadium, North Sound, Antigua",North Sound,Won,India,50.0,runs,HH Pandya,"RG Sharma, V Kohli, RR Pant, SA Yadav, S Dube, HH Pandya, AR Patel, RA Jadeja, Arshdeep Singh, Kuldeep Yadav, JJ Bumrah"
1415751,2024-06-24,2024,T20I,India,Australia,ICC Men's T20 World Cup,,"Daren Sammy National Cricket Stadium, Gros Islet, St Lucia",Gros Islet,Won,India,24.0,runs,RG Sharma,"RG Sharma, V Kohli, RR Pant, SA Yadav, S Dube, HH Pandya, RA Jadeja, AR Patel, Kuldeep Yadav, Arshdeep Singh, JJ Bumrah"
1415754,2024-06-27,2024,T20I,India,England,ICC Men's T20 World Cup,Semi Final,"Providence Stadium, Guyana",Providence,Won,India,68.0,runs,AR Patel,"RG Sharma, V Kohli, RR Pant, SA Yadav, HH Pandya, RA Jadeja, S Dube, AR Patel, Arshdeep Singh, Kuldeep Yadav, JJ Bumrah"
1415755,2024-06-29,2024,T20I,India,South Africa,ICC Men's T20 World Cup,Final,"Kensington Oval, Bridgetown, Barbados",Bridgetown,Won,India,7.0,runs,V Kohli,"RG Sharma, V Kohli, RR Pant, SA Yadav, AR Patel, S Dube, HH Pandya, RA Jadeja, Kuldeep Yadav, Arshdeep Singh, JJ Bumrah"
1420223,2024-07-06,2024,T20I,India,Zimbabwe,India tour of Zimbabwe,,Harare Sports Club,Harare,Lost,Zimbabwe,13.0,runs,Sikandar Raza,"Abhishek Sharma, Shubman Gill, RD Gaikwad, R Parag, RK Singh, Dhruv Jurel, Washington Sundar, Ravi Bishnoi, Avesh Khan, Mukesh Kumar, KK Ahmed"
1420224,2024-07-07,2024,T20I,India,Zimbabwe,India tour of Zimbabwe,,Harare Sports Club,Harare,Won,India,100.0,runs,Abhishek Sharma,"Shubman Gill, Abhishek Sharma, RD Gaikwad, RK Singh, R Parag, B Sai Sudharsan, Dhruv Jurel, Washington Sundar, Ravi Bishnoi, Avesh Khan, Mukesh Kumar"
1420225,2024-07-10,2024,T20I,India,Zimbabwe,India tour of Zimbabwe,,Harare Sports Club,Harare,Won,India,23.0,runs,Washington Sundar,"YBK Jaiswal, Shubman Gill, Abhishek Sharma, RD Gaikwad, SV Samson, RK Singh, S Dube, Washington Sundar, Ravi Bishnoi, Avesh Khan, KK Ahmed"
1420226,2024-07-13,2024,T20I,India,Zimbabwe,India tour of Zimbabwe,,Harare Sports Club,Harare,Won,India,10.0,wickets,YBK Jaiswal,"YBK Jaiswal, Shubman Gill, Abhishek Sharma, RD Gaikwad, SV Samson, RK Singh, S Dube, Washington Sundar, Ravi Bishnoi, TU Deshpande, KK Ahmed"
1420227,2024-07-14,2024,T20I,India,Zimbabwe,India tour of Zimbabwe,,Harare Sports Club,Harare,Won,India,42.0,runs,S Dube,"YBK Jaiswal, Shubman Gill, Abhishek Sharma, SV Samson, R Parag, S Dube, RK Singh, Washington Sundar, Ravi Bishnoi, TU Deshpande, Mukesh Kumar"
1442987,2024-07-27,2024,T20I,India,Sri Lanka,India tour of Sri Lanka,,Pallekele International Cricket Stadium,Kandy,Won,India,43.0,runs,SA Yadav,"YBK Jaiswal, Shubman Gill, SA Yadav, RR Pant, HH Pandya, R Parag, RK Singh, AR Patel, Arshdeep Singh, Ravi Bishnoi, Mohammed Siraj"
1442988,2024-07-28,2024,T20I,India,Sri Lanka,India tour of Sri Lanka,,Pallekele International Cricket Stadium,Kandy,Won,India,7.0,wickets,Ravi Bishnoi,"YBK Jaiswal, SV Samson, SA Yadav, HH Pandya, RR Pant, R Parag, RK Singh, AR Patel, Arshdeep Singh, Ravi Bishnoi, Mohammed Siraj"
1442989,2024-07-30,2024,T20I,India,Sri Lanka,India tour of Sri Lanka,,Pallekele International Cricket Stadium,Kandy,Tie,,,,Washington Sundar,"YBK Jaiswal, Shubman Gill, SV Samson, RK Singh, SA Yadav, S Dube, R Parag, Washington Sundar, Ravi Bishnoi, Mohammed Siraj, KK Ahmed"
1442990,2024-08-02,2024,ODI,India,Sri Lanka,India tour of Sri Lanka,,"R Premadasa Stadium, Colombo",Colombo,Tie,,,,DN Wellalage,"RG Sharma, Shubman Gill, V Kohli, Washington Sundar, SS Iyer, KL Rahul, AR Patel, S Dube, Kuldeep Yadav, Mohammed Siraj, Arshdeep Singh"
1442991,2024-08-04,2024,ODI,India,Sri Lanka,India tour of Sri Lanka,,"R Premadasa Stadium, Colombo",Colombo,Lost,Sri Lanka,32.0,runs,JDF Vandersay,"RG Sharma, Shubman Gill, V Kohli, S Dube, AR Patel, SS Iyer, KL Rahul, Washington Sundar, Kuldeep Yadav, Mohammed Siraj, Arshdeep Singh"
1442992,2024-08-07,2024,ODI,India,Sri Lanka,India tour of Sri Lanka,,"R Premadasa Stadium, Colombo",Colombo,Lost,Sri Lanka,110.0,runs,WIA Fernando,"RG Sharma, Shubman Gill, V Kohli, RR Pant, SS Iyer, AR Patel, R Parag, S Dube, Washington Sundar, Kuldeep Yadav, Mohammed Siraj"
1439891,2024-09-19,2024,Test,India,Bangladesh,Bangladesh tour of India,,"MA Chidambaram Stadium, Chepauk, Chennai",Chennai,Won,India,280.0,runs,R Ashwin,"YBK Jaiswal, RG Sharma, Shubman Gill, V Kohli, RR Pant, KL Rahul, RA Jadeja, R Ashwin, Akash Deep, JJ Bumrah, Mohammed Siraj"
1439892,2024-09-27,2024,Test,India,Bangladesh,Bangladesh tour of India,,"Green Park, Kanpur",Kanpur,Won,India,7.0,wickets,YBK Jaiswal,"YBK Jaiswal, RG Sharma, Shubman Gill, RR Pant, V Kohli, KL Rahul, RA Jadeja, R Ashwin, Akash Deep, JJ Bumrah, Mohammed Siraj"
1439893,2024-10-06,2024,T20I,India,Bangladesh,Bangladesh tour of India,,"Shrimant Madhavrao Scindia Cricket Stadium, Gwalior",Gwalior,Won,India,7.0,wickets,Arshdeep Singh,"SV Samson, Abhishek Sharma, SA Yadav, Nithish Kumar Reddy, HH Pandya, R Parag, RK Singh, Washington Sundar, CV Varun, Arshdeep Singh, MP Yadav"
1439894,2024-10-09,2024,T20I,India,Bangladesh,Bangladesh tour of India,,"Arun Jaitley Stadium, Delhi",Delhi,Won,India,86.0,runs,Nithish Kumar Reddy,"SV Samson, Abhishek Sharma, SA Yadav, Nithish Kumar Reddy, RK Singh, HH Pandya, R Parag, Washington Sundar, CV Varun, Arshdeep Singh, MP Yadav"
1439895,2024-10-12,2024,T20I,India,Bangladesh,Bangladesh tour of India,,"Rajiv Gandhi International Stadium, Uppal, Hyderabad",Hyderabad,Won,India,133.0,runs,SV Samson,"SV Samson, Abhishek Sharma, SA Yadav, R Parag, HH Pandya, RK Singh, Nithish Kumar Reddy, Washington Sundar, CV Varun, MP Yadav, Ravi Bishnoi"
1439896,2024-10-16,2024,Test,India,New Zealand,New Zealand tour of India,,"M Chinnaswamy Stadium, Bengaluru",Bengaluru,Lost,New Zealand,8.0,wickets,R Ravindra,"YBK Jaiswal, RG Sharma, V Kohli, SN Khan, RR Pant, KL Rahul, RA Jadeja, R Ashwin, Kuldeep Yadav, JJ Bumrah, Mohammed Siraj"
1439897,2024-10-24,2024,Test,India,New Zealand,New Zealand tour of India,,"Maharashtra Cricket Association Stadium, Pune",Pune,Lost,New Zealand,113.0,runs,MJ Santner,"YBK Jaiswal, RG Sharma, Shubman Gill, V Kohli, RR Pant, SN Khan, RA Jadeja, R Ashwin, Washington Sundar, Akash Deep, JJ Bumrah"
1439898,2024-11-01,2024,Test,India,New Zealand,New Zealand tour of India,,"Wankhede Stadium, Mumbai",Mumbai,Lost,New Zealand,25.0,runs,AY Patel,"YBK Jaiswal, RG Sharma, Shubman Gill, Mohammed Siraj, V Kohli, RR Pant, RA Jadeja, SN Khan, Washington Sundar, R Ashwin, Akash Deep"
1449301,2024-11-08,2024,T20I,India,South Africa,India tour of South Africa,,"Kingsmead, Durban",Durban,Won,India,61.0,runs,SV Samson,"SV Samson, Abhishek Sharma, SA Yadav, Tilak Varma, HH Pandya, RK Singh, AR Patel, Arshdeep Singh, Ravi Bishnoi, Avesh Khan, CV Varun"
1449302,2024-11-10,2024,T20I,India,South Africa,India tour of South Africa,,"St George's Park, Gqeberha",Gqeberha,Lost,South Africa,3.0,wickets,T Stubbs,"SV Samson, Abhishek Sharma, SA Yadav, Tilak Varma, AR Patel, HH Pandya, RK Singh, Arshdeep Singh, Ravi Bishnoi, Avesh Khan, CV Varun"
1449303,2024-11-13,2024,T20I,India,South Africa,India tour of South Africa,,"SuperSport Park, Centurion",Centurion,Won,India,11.0,runs,Tilak Varma,"SV Samson, Abhishek Sharma, Tilak Varma, SA Yadav, HH Pandya, RK Singh, Ramandeep Singh, AR Patel, Arshdeep Singh, Ravi Bishnoi, CV Varun"
1449304,2024-11-15,2024,T20I,India,South Africa,India tour of South Africa,,"The Wanderers Stadium, Johannesburg",Johannesburg,Won,India,135.0,runs,Tilak Varma,"SV Samson, Abhishek Sharma, Tilak Varma, SA Yadav, HH Pandya, RK Singh, Ramandeep Singh, AR Patel, Arshdeep Singh, Ravi Bishnoi, CV Varun"
1426555,2024-11-22,2024,Test,India,Australia,India tour of Australia,,Perth Stadium,Perth,Won,India,295.0,runs,JJ Bumrah,"YBK Jaiswal, KL Rahul, D Padikkal, V Kohli, RR Pant, Dhruv Jurel, Washington Sundar, Nithish Kumar Reddy, Harshit Rana, JJ Bumrah, Mohammed Siraj"
1426556,2024-12-06,2024,Test,India,Australia,India tour of Australia,,Adelaide Oval,Adelaide,Lost,Australia,10.0,wickets,TM Head,"YBK Jaiswal, KL Rahul, Shubman Gill, V Kohli, RR Pant, RG Sharma, Nithish Kumar Reddy, R Ashwin, Harshit Rana, JJ Bumrah, Mohammed Siraj"
1426557,2024-12-14,2024,Test,India,Australia,India tour of Australia,,"Brisbane Cricket Ground, Woolloongabba, Brisbane",Brisbane,Draw,,,,TM Head,"YBK Jaiswal, KL Rahul, Shubman Gill, V Kohli, RR Pant, RG Sharma, RA Jadeja, Nithish Kumar Reddy, Mohammed Siraj, JJ Bumrah, Akash Deep"
1426558,2024-12-26,2024,Test,India,Australia,India tour of Australia,,Melbourne Cricket Ground,Melbourne,Lost,Australia,184.0,runs,PJ Cummins,"YBK Jaiswal, RG Sharma, KL Rahul, V Kohli, Akash Deep, RR Pant, RA Jadeja, Nithish Kumar Reddy, Washington Sundar, JJ Bumrah, Mohammed Siraj"
1426559,2025-01-03,2025,Test,India,Australia,India tour of Australia,,Sydney Cricket Ground,Sydney,Lost,Australia,6.0,wickets,SM Boland,"YBK Jaiswal, KL Rahul, Shubman Gill, V Kohli, RR Pant, RA Jadeja, Nithish Kumar Reddy, Washington Sundar, M Prasidh Krishna, JJ Bumrah, Mohammed Siraj"
1439899,2025-01-22,2025,T20I,India,England,England tour of India,,"Eden Gardens, Kolkata",Kolkata,Won,India,7.0,wickets,CV Varun,"SV Samson, Abhishek Sharma, SA Yadav, Tilak Varma, HH Pandya, RK Singh, Nithish Kumar Reddy, AR Patel, Ravi Bishnoi, Arshdeep Singh, CV Varun"
1439900,2025-01-25,2025,T20I,India,England,England tour of India,,"MA Chidambaram Stadium, Chepauk, Chennai",Chennai,Won,India,2.0,wickets,Tilak Varma,"SV Samson, Abhishek Sharma, Tilak Varma, SA Yadav, Dhruv Jurel, HH Pandya, Washington Sundar, AR Patel, Arshdeep Singh, Ravi Bishnoi, CV Varun"
1439901,2025-01-28,2025,T20I,India,England,England tour of India,,"Saurashtra Cricket Association Stadium, Rajkot",Rajkot,Lost,England,26.0,runs,CV Varun,"SV Samson, Abhishek Sharma, SA Yadav, Tilak Varma, HH Pandya, Washington Sundar, AR Patel, Dhruv Jurel, Mohammed Shami, Ravi Bishnoi, CV Varun"
1439902,2025-01-31,2025,T20I,India,England,England tour of India,,"Maharashtra Cricket Association Stadium, Pune",Pune,Won,India,15.0,runs,S Dube,"SV Samson, Abhishek Sharma, Tilak Varma, SA Yadav, RK Singh, S Dube, HH Pandya, AR Patel, Arshdeep Singh, Ravi Bishnoi, CV Varun, Harshit Rana"
1439903,2025-02-02,2025,T20I,India,England,England tour of India,,"Wankhede Stadium, Mumbai",Mumbai,Won,India,150.0,runs,Abhishek Sharma,"SV Samson, Abhishek Sharma, Tilak Varma, SA Yadav, S Dube, HH Pandya, RK Singh, AR Patel, Mohammed Shami, Ravi Bishnoi, CV Varun"
1439904,2025-02-06,2025,ODI,India,England,England tour of India,,"Vidarbha Cricket Association Stadium, Jamtha, Nagpur",Nagpur,Won,India,4.0,wickets,Shubman Gill,"YBK Jaiswal, RG Sharma, Shubman Gill, SS Iyer, AR Patel, KL Rahul, HH Pandya, RA Jadeja, Harshit Rana, Kuldeep Yadav, Mohammed Shami"
1439905,2025-02-09,2025,ODI,India,England,England tour of India,,"Barabati Stadium, Cuttack",Cuttack,Won,India,4.0,wickets,RG Sharma,"RG Sharma, Shubman Gill, V Kohli, SS Iyer, AR Patel, KL Rahul, HH Pandya, RA Jadeja, Harshit Rana, Mohammed Shami, CV Varun"
1439906,2025-02-12,2025,ODI,India,England,England tour of India,,"Narendra Modi Stadium, Ahmedabad",Ahmedabad,Won,India,142.0,runs,Shubman Gill,"RG Sharma, Shubman Gill, V Kohli, SS Iyer, KL Rahul, HH Pandya, AR Patel, Washington Sundar, Harshit Rana, Arshdeep Singh, Kuldeep Yadav"
1466415,2025-02-20,2025,ODI,India,Bangladesh,ICC Champions Trophy,,Dubai International Cricket Stadium,Dubai,Won,India,6.0,wickets,Shubman Gill,"RG Sharma, Shubman Gill, V Kohli, SS Iyer, AR Patel, KL Rahul, HH Pandya, RA Jadeja, Harshit Rana, Mohammed Shami, Kuldeep Yadav"
1466418,2025-02-23,2025,ODI,India,Pakistan,ICC Champions Trophy,,Dubai International Cricket Stadium,Dubai,Won,India,6.0,wickets,V Kohli,"RG Sharma, Shubman Gill, V Kohli, SS Iyer, HH Pandya, AR Patel, KL Rahul, RA Jadeja, Harshit Rana, Mohammed Shami, Kuldeep Yadav"
1466425,2025-03-02,2025,ODI,India,New Zealand,ICC Champions Trophy,,Dubai International Cricket Stadium,Dubai,Won,India,44.0,runs,CV Varun,"RG Sharma, Shubman Gill, V Kohli, SS Iyer, AR Patel, KL Rahul, HH Pandya, RA Jadeja, Mohammed Shami, Kuldeep Yadav, CV Varun"
1466426,2025-03-04,2025,ODI,India,Australia,ICC Champions Trophy,Semi Final,Dubai International Cricket Stadium,Dubai,Won,India,4.0,wickets,V Kohli,"RG Sharma, Shubman Gill, V Kohli, SS Iyer, AR Patel, KL Rahul, HH Pandya, RA Jadeja, Mohammed Shami, Kuldeep Yadav, CV Varun"
1466428,2025-03-09,2025,ODI,India,New Zealand,ICC Champions Trophy,Final,Dubai International Cricket Stadium,Dubai,Won,India,4.0,wickets,RG Sharma,"RG Sharma, Shubman Gill, V Kohli, SS Iyer, AR Patel, KL Rahul, HH Pandya, RA Jadeja, Mohammed Shami, Kuldeep Yadav, CV Varun"
1448349,2025-06-20,2025,Test,India,England,India tour of England,,"Headingley, Leeds",Leeds,Lost,England,5.0,wickets,BM Duckett,"YBK Jaiswal, KL Rahul, B Sai Sudharsan, Shubman Gill, RR Pant, KK Nair, RA Jadeja, SN Thakur, JJ Bumrah, Mohammed Siraj, M Prasidh Krishna"
1448350,2025-07-02,2025,Test,India,England,India tour of England,,"Edgbaston, Birmingham",Birmingham,Won,India,336.0,runs,Shubman Gill,"YBK Jaiswal, KL Rahul, KK Nair, Shubman Gill, RR Pant, Nithish Kumar Reddy, RA Jadeja, Washington Sundar, Akash Deep, Mohammed Siraj, M Prasidh Krishna"
1448351,2025-07-10,2025,Test,India,England,India tour of England,,"Lord's, London",London,Lost,England,22.0,runs,BA Stokes,"YBK Jaiswal, KL Rahul, KK Nair, Shubman Gill, RR Pant, RA Jadeja, Nithish Kumar Reddy, Washington Sundar, Akash Deep, JJ Bumrah, Mohammed Siraj"
1448352,2025-07-23,2025,Test,India,England,India tour of England,,"Old Trafford, Manchester",Manchester,Draw,,,,BA Stokes,"YBK Jaiswal, KL Rahul, B Sai Sudharsan, Shubman Gill, RR Pant, RA Jadeja, SN Thakur, Washington Sundar, A Kamboj, JJ Bumrah, Mohammed Siraj"
1448353,2025-07-31,2025,Test,India,England,India tour of England,,"Kennington Oval, London",London,Won,India,6.0,runs,Mohammed Siraj,"YBK Jaiswal, KL Rahul, B Sai Sudharsan, Shubman Gill, KK Nair, RA Jadeja, Dhruv Jurel, Washington Sundar, Akash Deep, Mohammed Siraj, M Prasidh Krishna"
1496921,2025-09-10,2025,T20I,India,United Arab Emirates,Men's T20 Asia Cup,,Dubai International Cricket Stadium,Dubai,Won,India,9.0,wickets,Kuldeep Yadav,"Abhishek Sharma, Shubman Gill, SA Yadav, Tilak Varma, SV Samson, S Dube, HH Pandya, AR Patel, Kuldeep Yadav, CV Varun, JJ Bumrah"
1496925,2025-09-14,2025,T20I,India,Pakistan,Men's T20 Asia Cup,,Dubai International Cricket Stadium,Dubai,Won,India,7.0,wickets,Kuldeep Yadav,"Abhishek Sharma, Shubman Gill, SA Yadav, Tilak Varma, S Dube, SV Samson, HH Pandya, AR Patel, Kuldeep Yadav, CV Varun, JJ Bumrah"
1496931,2025-09-19,2025,T20I,India,Oman,Men's T20 Asia Cup,,"Zayed Cricket Stadium, Abu Dhabi",Abu Dhabi,Won,India,21.0,runs,SV Samson,"Abhishek Sharma, Shubman Gill, SV Samson, HH Pandya, AR Patel, S Dube, Tilak Varma, Harshit Rana, Arshdeep Singh, Kuldeep Yadav, SA Yadav"
1496933,2025-09-21,2025,T20I,India,Pakistan,Men's T20 Asia Cup,,Dubai International Cricket Stadium,Dubai,Won,India,6.0,wickets,Abhishek Sharma,"Abhishek Sharma, Shubman Gill, SA Yadav, Tilak Varma, SV Samson, HH Pandya, S Dube, AR Patel, Kuldeep Yadav, CV Varun, JJ Bumrah"
1496935,2025-09-24,2025,T20I,India,Bangladesh,Men's T20 Asia Cup,,Dubai International Cricket Stadium,Dubai,Won,India,41.0,runs,Abhishek Sharma,"Abhishek Sharma, Shubman Gill, S Dube, SA Yadav, HH Pandya, Tilak Varma, AR Patel, SV Samson, Kuldeep Yadav, CV Varun, JJ Bumrah"
1496937,2025-09-26,2025,T20I,India,Sri Lanka,Men's T20 Asia Cup,,Dubai International Cricket Stadium,Dubai,Tie,,,,P Nissanka,"Abhishek Sharma, Shubman Gill, SA Yadav, Tilak Varma, SV Samson, HH Pandya, AR Patel, Harshit Rana, Kuldeep Yadav, CV Varun, Arshdeep Singh"
1496938,2025-09-28,2025,T20I,India,Pakistan,Men's T20 Asia Cup,Final,Dubai International Cricket Stadium,Dubai,Won,India,5.0,wickets,Tilak Varma,"Abhishek Sharma, Shubman Gill, SA Yadav, Tilak Varma, SV Samson, S Dube, RK Singh, AR Patel, Kuldeep Yadav, CV Varun, JJ Bumrah"
1479569,2025-10-02,2025,Test,India,West Indies,West Indies tour of India,,"Narendra Modi Stadium, Ahmedabad",Ahmedabad,Won,India,140.0,runs,RA Jadeja,"YBK Jaiswal, KL Rahul, B Sai Sudharsan, Shubman Gill, Dhruv Jurel, RA Jadeja, Washington Sundar, Nithish Kumar Reddy, Kuldeep Yadav, JJ Bumrah, Mohammed Siraj"
1479570,2025-10-10,2025,Test,India,West Indies,West Indies tour of India,,"Arun Jaitley Stadium, Delhi",Delhi,Won,India,7.0,wickets,Kuldeep Yadav,"YBK Jaiswal, KL Rahul, B Sai Sudharsan, Shubman Gill, Nithish Kumar Reddy, Dhruv Jurel, RA Jadeja, Washington Sundar, Kuldeep Yadav, JJ Bumrah, Mohammed Siraj"
1478904,2025-10-19,2025,ODI,India,Australia,India tour of Australia,,Perth Stadium,Perth,Lost,Australia,7.0,wickets,MR Marsh,"RG Sharma, Shubman Gill, V Kohli, SS Iyer, AR Patel, KL Rahul, Washington Sundar, Nithish Kumar Reddy, Harshit Rana, Arshdeep Singh, Mohammed Siraj"
1478905,2025-10-23,2025,ODI,India,Australia,India tour of Australia,,Adelaide Oval,Adelaide,Lost,Australia,2.0,wickets,A Zampa,"RG Sharma, Shubman Gill, V Kohli, SS Iyer, AR Patel, KL Rahul, Washington Sundar, Nithish Kumar Reddy, Harshit Rana, Arshdeep Singh, Mohammed Siraj"
1478906,2025-10-25,2025,ODI,India,Australia,India tour of Australia,,Sydney Cricket Ground,Sydney,Won,India,9.0,wickets,RG Sharma,"RG Sharma, Shubman Gill, V Kohli, SS Iyer, AR Patel, KL Rahul, Washington Sundar, Harshit Rana, Kuldeep Yadav, M Prasidh Krishna, Mohammed Siraj"
1478907,2025-10-29,2025,T20I,India,Australia,India tour of Australia,,"Manuka Oval, Canberra",Canberra,No Result,,,,,"Abhishek Sharma, Shubman Gill, SA Yadav, Tilak Varma, SV Samson, S Dube, AR Patel, Harshit Rana, Kuldeep Yadav, CV Varun, JJ Bumrah"
1478908,2025-10-31,2025,T20I,India,Australia,India tour of Australia,,Melbourne Cricket Ground,Melbourne,Lost,Australia,4.0,wickets,JR Hazlewood,"Shubman Gill, Abhishek Sharma, SV Samson, SA Yadav, Tilak Varma, AR Patel, Harshit Rana, S Dube, Kuldeep Yadav, CV Varun, JJ Bumrah"
1478909,2025-11-02,2025,T20I,India,Australia,India tour of Australia,,"Bellerive Oval, Hobart",Hobart,Won,India,5.0,wickets,Arshdeep Singh,"Abhishek Sharma, Shubman Gill, SA Yadav, Tilak Varma, AR Patel, Washington Sundar, JM Sharma, S Dube, Arshdeep Singh, CV Varun, JJ Bumrah"
1478910,2025-11-06,2025,T20I,India,Australia,India tour of Australia,,Carrara Oval,Carrara,Won,India,48.0,runs,AR Patel,"Abhishek Sharma, Shubman Gill, S Dube, SA Yadav, Tilak Varma, JM Sharma, Washington Sundar, AR Patel, Arshdeep Singh, CV Varun, JJ Bumrah"
1478911,2025-11-08,2025,T20I,India,Australia,India tour of Australia,,"Brisbane Cricket Ground, Woolloongabba, Brisbane",Brisbane,No Result,,,,,"Abhishek Sharma, Shubman Gill, SA Yadav, RK Singh, AR Patel, S Dube, JM Sharma, Washington Sundar, Arshdeep Singh, CV Varun, JJ Bumrah"
1479571,2025-11-14,2025,Test,India,South Africa,South Africa tour of India,,"Eden Gardens, Kolkata",Kolkata,Lost,South Africa,30.0,runs,SR Harmer,"YBK Jaiswal, KL Rahul, Washington Sundar, Shubman Gill, RR Pant, RA Jadeja, Dhruv Jurel, AR Patel, Kuldeep Yadav, Mohammed Siraj, JJ Bumrah"
1479572,2025-11-22,2025,Test,India,South Africa,South Africa tour of India,,"Barsapara Cricket Stadium, Guwahati",Guwahati,Lost,South Africa,408.0,runs,M Jansen,"YBK Jaiswal, KL Rahul, B Sai Sudharsan, Dhruv Jurel, RR Pant, RA Jadeja, Nithish Kumar Reddy, Washington Sundar, Kuldeep Yadav, JJ Bumrah, Mohammed Siraj"
1479573,2025-11-30,2025,ODI,India,South Africa,South Africa tour of India,,"JSCA International Stadium Complex, Ranchi",Ranchi,Won,India,17.0,runs,V Kohli,"YBK Jaiswal, RG Sharma, V Kohli, RD Gaikwad, Washington Sundar, KL Rahul, RA Jadeja, Harshit Rana, Arshdeep Singh, Kuldeep Yadav, M Prasidh Krishna"
1479574,2025-12-03,2025,ODI,India,South Africa,South Africa tour of India,,"Shaheed Veer Narayan Singh International Stadium, Raipur",Raipur,Lost,South Africa,4.0,wickets,AK Markram,"YBK Jaiswal, RG Sharma, V Kohli, RD Gaikwad, KL Rahul, Washington Sundar, RA Jadeja, Harshit Rana, Arshdeep Singh, Kuldeep Yadav, M Prasidh Krishna"
1479575,2025-12-06,2025,ODI,India,South Africa,South Africa tour of India,,"Dr. Y.S. Rajasekhara Reddy ACA-VDCA Cricket Stadium, Visakhapatnam",Visakhapatnam,Won,India,9.0,wickets,YBK Jaiswal,"YBK Jaiswal, RG Sharma, V Kohli, RD Gaikwad, Tilak Varma, KL Rahul, RA Jadeja, Harshit Rana, Kuldeep Yadav, Arshdeep Singh, M Prasidh Krishna"
1479576,2025-12-09,2025,T20I,India,South Africa,South Africa tour of India,,"Barabati Stadium, Cuttack",Cuttack,Won,India,101.0,runs,HH Pandya,"Abhishek Sharma, Shubman Gill, SA Yadav, Tilak Varma, AR Patel, HH Pandya, S Dube, JM Sharma, CV Varun, Arshdeep Singh, JJ Bumrah"
1479577,2025-12-11,2025,T20I,India,South Africa,South Africa tour of India,,"Maharaja Yadavindra Singh International Cricket Stadium, New Chandigarh",New Chandigarh,Lost,South Africa,51.0,runs,Q de Kock,"Abhishek Sharma, Shubman Gill, AR Patel, SA Yadav, Tilak Varma, HH Pandya, JM Sharma, S Dube, Arshdeep Singh, CV Varun, JJ Bumrah"
1479578,2025-12-14,2025,T20I,India,South Africa,South Africa tour of India,,"Himachal Pradesh Cricket Association Stadium, Dharamsala",Dharamsala,Won,India,7.0,wickets,Arshdeep Singh,"Abhishek Sharma, Shubman Gill, Tilak Varma, SA Yadav, S Dube, HH Pandya, JM Sharma, Harshit Rana, CV Varun, Arshdeep Singh, Kuldeep Yadav"
1479580,2025-12-19,2025,T20I,India,South Africa,South Africa tour of India,,"Narendra Modi Stadium, Ahmedabad",Ahmedabad,Won,India,30.0,runs,HH Pandya,"SV Samson, Abhishek Sharma, Tilak Varma, SA Yadav, HH Pandya, S Dube, JM Sharma, Washington Sundar, CV Varun, Arshdeep Singh, JJ Bumrah"
1490231,2026-01-11,2026,ODI,India,New Zealand,New Zealand tour of India,,"Kotambi Stadium, Vadodara",Vadodara,Won,India,4.0,wickets,V Kohli,"RG Sharma, Shubman Gill, V Kohli, SS Iyer, RA Jadeja, KL Rahul, Harshit Rana, Washington Sundar, Kuldeep Yadav, Mohammed Siraj, M Prasidh Krishna"
1490232,2026-01-14,2026,ODI,India,New Zealand,New Zealand tour of India,,"Niranjan Shah Stadium, Rajkot",Rajkot,Lost,New Zealand,7.0,wickets,DJ Mitchell,"RG Sharma, Shubman Gill, V Kohli, SS Iyer, KL Rahul, RA Jadeja, Nithish Kumar Reddy, Harshit Rana, Mohammed Siraj, Kuldeep Yadav, M Prasidh Krishna"
1490233,2026-01-18,2026,ODI,India,New Zealand,New Zealand tour of India,,"Holkar Cricket Stadium, Indore",Indore,Lost,New Zealand,41.0,runs,DJ Mitchell,"RG Sharma, Shubman Gill, V Kohli, SS Iyer, KL Rahul, Nithish Kumar Reddy, RA Jadeja, Harshit Rana, Mohammed Siraj, Kuldeep Yadav, Arshdeep Singh"
1490234,2026-01-21,2026,T20I,India,New Zealand,New Zealand tour of India,,"Vidarbha Cricket Association Stadium, Jamtha, Nagpur",Nagpur,Won,India,48.0,runs,Abhishek Sharma,"SV Samson, Abhishek Sharma, Ishan Kishan, SA Yadav, HH Pandya, S Dube, RK Singh, AR Patel, Arshdeep Singh, CV Varun, JJ Bumrah"
1490235,2026-01-23,2026,T20I,India,New Zealand,New Zealand tour of India,,"Shaheed Veer Narayan Singh International Stadium, Raipur",Raipur,Won,India,7.0,wickets,Ishan Kishan,"SV Samson, Abhishek Sharma, Ishan Kishan, SA Yadav, S Dube, RK Singh, HH Pandya, Harshit Rana, Kuldeep Yadav, Arshdeep Singh, CV Varun"
1490236,2026-01-25,2026,T20I,India,New Zealand,New Zealand tour of India,,"Barsapara Cricket Stadium, Guwahati",Guwahati,Won,India,8.0,wickets,JJ Bumrah,"SV Samson, Abhishek Sharma, Ishan Kishan, SA Yadav, S Dube, RK Singh, HH Pandya, Harshit Rana, Ravi Bishnoi, Kuldeep Yadav, JJ Bumrah"
1490237,2026-01-28,2026,T20I,India,New Zealand,New Zealand tour of India,,"Dr. Y.S. Rajasekhara Reddy ACA-VDCA Cricket Stadium, Visakhapatnam",Visakhapatnam,Lost,New Zealand,50.0,runs,TL Seifert,"Abhishek Sharma, SV Samson, SA Yadav, RK Singh, HH Pandya, S Dube, Harshit Rana, Ravi Bishnoi, Arshdeep Singh, JJ Bumrah, Kuldeep Yadav"
1490238,2026-01-31,2026,T20I,India,New Zealand,New Zealand tour of India,,"Greenfield International Stadium, Thiruvananthapuram",Thiruvananthapuram,Won,India,46.0,runs,Ishan Kishan,"Abhishek Sharma, SV Samson, Ishan Kishan, SA Yadav, HH Pandya, RK Singh, S Dube, AR Patel, Arshdeep Singh, CV Varun, JJ Bumrah"
1512721,2026-02-07,2026,T20I,India,United States of America,ICC Men's T20 World Cup,,"Wankhede Stadium, Mumbai",Mumbai,Won,India,29.0,runs,SA Yadav,"Ishan Kishan, Abhishek Sharma, Tilak Varma, SA Yadav, S Dube, RK Singh, HH Pandya, AR Patel, Arshdeep Singh, CV Varun, Mohammed Siraj"
1512736,2026-02-12,2026,T20I,India,Namibia,ICC Men's T20 World Cup,,"Arun Jaitley Stadium, Delhi",Delhi,Won,India,93.0,runs,HH Pandya,"Ishan Kishan, SV Samson, Tilak Varma, SA Yadav, HH Pandya, S Dube, RK Singh, AR Patel, CV Varun, Arshdeep Singh, JJ Bumrah"
1512745,2026-02-15,2026,T20I,India,Pakistan,ICC Men's T20 World Cup,,"R Premadasa Stadium, Colombo",Colombo,Won,India,61.0,runs,Ishan Kishan,"Ishan Kishan, Abhishek Sharma, Tilak Varma, SA Yadav, HH Pandya, S Dube, RK Singh, AR Patel, Kuldeep Yadav, CV Varun, JJ Bumrah"
1512754,2026-02-18,2026,T20I,India,Netherlands,ICC Men's T20 World Cup,,"Narendra Modi Stadium, Ahmedabad",Ahmedabad,Won,India,17.0,runs,S Dube,"Abhishek Sharma, Ishan Kishan, Tilak Varma, SA Yadav, S Dube, HH Pandya, RK Singh, Washington Sundar, Arshdeep Singh, CV Varun, JJ Bumrah"
1512761,2026-02-22,2026,T20I,India,South Africa,ICC Men's T20 World Cup,,"Narendra Modi Stadium, Ahmedabad",Ahmedabad,Lost,South Africa,76.0,runs,DA Miller,"Ishan Kishan, Abhishek Sharma, Tilak Varma, SA Yadav, Washington Sundar, S Dube, HH Pandya, RK Singh, Arshdeep Singh, CV Varun, JJ Bumrah"
1512766,2026-02-26,2026,T20I,India,Zimbabwe,ICC Men's T20 World Cup,,"MA Chidambaram Stadium, Chepauk, Chennai",Chennai,Won,India,72.0,runs,HH Pandya,"SV Samson, Abhishek Sharma, Ishan Kishan, SA Yadav, HH Pandya, Tilak Varma, S Dube, AR Patel, Arshdeep Singh, CV Varun, JJ Bumrah"
1512770,2026-03-01,2026,T20I,India,West Indies,ICC Men's T20 World Cup,,"Eden Gardens, Kolkata",Kolkata,Won,India,5.0,wickets,SV Samson,"Abhishek Sharma, SV Samson, Ishan Kishan, SA Yadav, Tilak Varma, HH Pandya, S Dube, AR Patel, Arshdeep Singh, CV Varun, JJ Bumrah"
1512772,2026-03-05,2026,T20I,India,England,ICC Men's T20 World Cup,Semi Final,"Wankhede Stadium, Mumbai",Mumbai,Won,India,7.0,runs,SV Samson,"SV Samson, Abhishek Sharma, Ishan Kishan, S Dube, SA Yadav, HH Pandya, Tilak Varma, AR Patel, CV Varun, Arshdeep Singh, JJ Bumrah"
1512773,2026-03-08,2026,T20I,India,New Zealand,ICC Men's T20 World Cup,Final,"Narendra Modi Stadium, Ahmedabad",Ahmedabad,Won,India,96.0,runs,JJ Bumrah,"SV Samson, Abhishek Sharma, Ishan Kishan, HH Pandya, SA Yadav, Tilak Varma, S Dube, AR Patel, Arshdeep Singh, CV Varun, JJ Bumrah"
1528548,2026-06-26,2026,T20I,India,Ireland,India tour of Ireland,,"Civil Service Cricket Club, Stormont, Belfast",Belfast,Lost,Ireland,34.0,runs,MK Hollard,"Abhishek Sharma, SV Samson, Ishan Kishan, SS Iyer, Tilak Varma, Washington Sundar, S Dube, AR Patel, Harshit Rana, Arshdeep Singh, M Prasidh Krishna"
1528549,2026-06-28,2026,T20I,India,Ireland,India tour of Ireland,,"Civil Service Cricket Club, Stormont, Belfast",Belfast,Lost,Ireland,1.0,runs,J Moondra,"SV Samson, Abhishek Sharma, Ishan Kishan, SS Iyer, Tilak Varma, AR Patel, S Dube, Suryansh Shedge, Harshit Rana, Arshdeep Singh, Prince Yadav"
1496574,2026-07-01,2026,T20I,India,England,India tour of England,,"Riverside Ground, Chester-le-Street",Chester-le-Street,No Result,,,,,"SV Samson, Abhishek Sharma, Ishan Kishan, SS Iyer, Tilak Varma, S Dube, Harshit Rana, AR Patel, Ravi Bishnoi, Arshdeep Singh, CV Varun"
1496575,2026-07-04,2026,T20I,India,England,India tour of England,,"Old Trafford, Manchester",Manchester,Lost,England,4.0,wickets,JG Bethell,"Abhishek Sharma, V Suryavanshi, Ishan Kishan, SS Iyer, S Dube, Tilak Varma, AR Patel, Harshit Rana, Ravi Bishnoi, Arshdeep Singh, CV Varun"
1496576,2026-07-07,2026,T20I,India,England,India tour of England,,"Trent Bridge, Nottingham",Nottingham,Lost,England,125.0,runs,JC Archer,"Abhishek Sharma, V Suryavanshi, Ishan Kishan, SS Iyer, AR Patel, Tilak Varma, Harshit Rana, S Dube, Arshdeep Singh, CV Varun, Prince Yadav"
1496577,2026-07-09,2026,T20I,India,England,India tour of England,,"County Ground, Bristol",Bristol,Lost,England,9.0,wickets,HC Brook,"V Suryavanshi, Abhishek Sharma, Ishan Kishan, SS Iyer, S Dube, Tilak Varma, Washington Sundar, AR Patel, Prince Yadav, Arshdeep Singh, M Prasidh Krishna"
1496578,2026-07-11,2026,T20I,India,England,India tour of England,,"The Rose Bowl, Southampton",Southampton,Lost,England,56.0,runs,JC Buttler,"SV Samson, Abhishek Sharma, Ishan Kishan, SS Iyer, Tilak Varma, S Dube, Suryansh Shedge, AR Patel, Arshdeep Singh, M Prasidh Krishna, Prince Yadav"
1496579,2026-07-14,2026,ODI,India,England,India tour of England,,"Edgbaston, Birmingham",Birmingham,Won,India,6.0,wickets,AR Patel,"RG Sharma, Shubman Gill, V Kohli, SS Iyer, Washington Sundar, KL Rahul, AR Patel, S Dube, Gurnoor Brar, JJ Bumrah, M Prasidh Krishna"
1496580,2026-07-16,2026,ODI,India,England,India tour of England,,"Sophia Gardens, Cardiff",Cardiff,Lost,England,4.0,wickets,JE Root,"RG Sharma, Shubman Gill, V Kohli, Ishan Kishan, SS Iyer, Washington Sundar, AR Patel, S Dube, Gurnoor Brar, JJ Bumrah, M Prasidh Krishna"
1496581,2026-07-19,2026,ODI,India,England,India tour of England,,"Lord's, London",London,Lost,England,27.0,runs,JG Bethell,"RG Sharma, Shubman Gill, V Kohli, Ishan Kishan, SS Iyer, KL Rahul, AR Patel, Gurnoor Brar, Arshdeep Singh, Prince Yadav, M Prasidh Krishna"
1530060,2026-07-23,2026,T20I,India,Zimbabwe,India tour of Zimbabwe,,Harare Sports Club,Harare,Won,India,7.0,wickets,MP Yadav,"Abhishek Sharma, V Suryavanshi, Ishan Kishan, SS Iyer, Tilak Varma, RK Singh, S Dube, Ravi Bishnoi, Prince Yadav, MP Yadav, Ashok Sharma"
1530061,2026-07-25,2026,T20I,India,Zimbabwe,India tour of Zimbabwe,,Harare Sports Club,Harare,Won,India,90.0,runs,Ishan Kishan,"V Suryavanshi, Abhishek Sharma, Ishan Kishan, SS Iyer, Tilak Varma, RK Singh, S Dube, Ravi Bishnoi, Prince Yadav, Yash Thakur, MP Yadav"
1530062,2026-07-26,2026,T20I,India,Zimbabwe,India tour of Zimbabwe,,Harare Sports Club,Harare,Won,India,35.0,runs,V Suryavanshi,"V Suryavanshi, Abhishek Sharma, Ishan Kishan, SS Iyer, Tilak Varma, RK Singh, Suryansh Shedge, Ravi Bishnoi, Ashok Sharma, Yash Thakur, MP Yadav"
1544001,2026-08-15,2026,Test,India,Sri Lanka,India tour of Sri Lanka,,Galle International Stadium,Galle,Won,India,165.0,runs,D Padikkal,"YBK Jaiswal, KL Rahul, D Padikkal, Shubman Gill, RR Pant, Dhruv Jurel, RA Jadeja, MJ Suthar, Mohammed Siraj, Kuldeep Yadav, M Prasidh Krishna"
